path,label,split
data\raw\heart\heart (798).jpg,heart,train
data\raw\heart\heart (555).jpg,heart,train
data\raw\heart\heart (904).jpg,heart,train
data\raw\heart\heart (929).jpg,heart,train
data\raw\heart\heart (128).jpg,heart,train
data\raw\heart\heart (533).jpg,heart,train
data\raw\heart\heart (175).jpg,heart,train
data\raw\heart\heart (774).jpg,heart,train
data\raw\heart\heart (417).jpg,heart,train
data\raw\heart\heart (57).jpg,heart,train
data\raw\heart\heart (264).jpg,heart,train
data\raw\heart\heart (827).jpg,heart,train
data\raw\heart\heart (475).jpg,heart,train
data\raw\heart\heart (652).jpg,heart,train
data\raw\heart\heart (712).jpg,heart,train
data\raw\heart\heart (55).jpg,heart,train
data\raw\heart\heart (783).jpg,heart,train
data\raw\heart\heart (142).jpg,heart,train
data\raw\heart\heart (758).jpg,heart,train
data\raw\heart\heart (400).jpg,heart,train
data\raw\heart\heart (503).jpg,heart,train
data\raw\heart\heart (81).jpg,heart,train
data\raw\heart\heart (413).jpg,heart,train
data\raw\heart\heart (519).jpg,heart,train
data\raw\heart\heart (659).jpg,heart,train
data\raw\heart\heart (527).jpg,heart,train
data\raw\heart\heart (651).jpg,heart,train
data\raw\heart\heart (598).jpg,heart,train
data\raw\heart\heart (427).jpg,heart,train
data\raw\heart\heart (792).jpg,heart,train
data\raw\heart\heart (666).jpg,heart,train
data\raw\heart\heart (945).jpg,heart,train
data\raw\heart\heart (816).jpg,heart,train
data\raw\heart\heart (545).jpg,heart,train
data\raw\heart\heart (930).jpg,heart,train
data\raw\heart\heart (430).jpg,heart,train
data\raw\heart\heart (635).jpg,heart,train
data\raw\heart\heart (747).jpg,heart,train
data\raw\heart\heart (146).jpg,heart,train
data\raw\heart\heart (482).jpg,heart,train
data\raw\heart\heart (149).jpg,heart,train
data\raw\heart\heart (336).jpg,heart,train
data\raw\heart\heart (794).jpg,heart,train
data\raw\heart\heart (265).jpg,heart,train
data\raw\heart\heart (518).jpg,heart,train
data\raw\heart\heart (809).jpg,heart,train
data\raw\heart\heart (255).jpg,heart,train
data\raw\heart\heart (233).jpg,heart,train
data\raw\heart\heart (766).jpg,heart,train
data\raw\heart\heart (20).jpg,heart,train
data\raw\heart\heart (484).jpg,heart,train
data\raw\heart\heart (968).jpg,heart,train
data\raw\heart\heart (114).jpg,heart,train
data\raw\heart\heart (269).jpg,heart,train
data\raw\heart\heart (471).jpg,heart,train
data\raw\heart\heart (629).jpg,heart,train
data\raw\heart\heart (699).jpg,heart,train
data\raw\heart\heart (786).jpg,heart,train
data\raw\heart\heart (298).jpg,heart,train
data\raw\heart\heart (626).jpg,heart,train
data\raw\heart\heart (621).jpg,heart,train
data\raw\heart\heart (368).jpg,heart,train
data\raw\heart\heart (673).jpg,heart,train
data\raw\heart\heart (446).jpg,heart,train
data\raw\heart\heart (426).jpg,heart,train
data\raw\heart\heart (890).jpg,heart,train
data\raw\heart\heart (4).jpg,heart,train
data\raw\heart\heart (112).jpg,heart,train
data\raw\heart\heart (280).jpg,heart,train
data\raw\heart\heart (10).jpg,heart,train
data\raw\heart\heart (132).jpg,heart,train
data\raw\heart\heart (36).jpg,heart,train
data\raw\heart\heart (542).jpg,heart,train
data\raw\heart\heart (320).jpg,heart,train
data\raw\heart\heart (554).jpg,heart,train
data\raw\heart\heart (905).jpg,heart,train
data\raw\heart\heart (740).jpg,heart,train
data\raw\heart\heart (900).jpg,heart,train
data\raw\heart\heart (167).jpg,heart,train
data\raw\heart\heart (919).jpg,heart,train
data\raw\heart\heart (811).jpg,heart,train
data\raw\heart\heart (556).jpg,heart,train
data\raw\heart\heart (258).jpg,heart,train
data\raw\heart\heart (857).jpg,heart,train
data\raw\heart\heart (279).jpg,heart,train
data\raw\heart\heart (788).jpg,heart,train
data\raw\heart\heart (917).jpg,heart,train
data\raw\heart\heart (362).jpg,heart,train
data\raw\heart\heart (583).jpg,heart,train
data\raw\heart\heart (12).jpg,heart,train
data\raw\heart\heart (723).jpg,heart,train
data\raw\heart\heart (288).jpg,heart,train
data\raw\heart\heart (480).jpg,heart,train
data\raw\heart\heart (574).jpg,heart,train
data\raw\heart\heart (129).jpg,heart,train
data\raw\heart\heart (934).jpg,heart,train
data\raw\heart\heart (457).jpg,heart,train
data\raw\heart\heart (645).jpg,heart,train
data\raw\heart\heart (367).jpg,heart,train
data\raw\heart\heart (862).jpg,heart,train
data\raw\heart\heart (70).jpg,heart,train
data\raw\heart\heart (352).jpg,heart,train
data\raw\heart\heart (944).jpg,heart,train
data\raw\heart\heart (949).jpg,heart,train
data\raw\heart\heart (644).jpg,heart,train
data\raw\heart\heart (962).jpg,heart,train
data\raw\heart\heart (94).jpg,heart,train
data\raw\heart\heart (757).jpg,heart,train
data\raw\heart\heart (357).jpg,heart,train
data\raw\heart\heart (573).jpg,heart,train
data\raw\heart\heart (825).jpg,heart,train
data\raw\heart\heart (304).jpg,heart,train
data\raw\heart\heart (491).jpg,heart,train
data\raw\heart\heart (123).jpg,heart,train
data\raw\heart\heart (435).jpg,heart,train
data\raw\heart\heart (836).jpg,heart,train
data\raw\heart\heart (383).jpg,heart,train
data\raw\heart\heart (602).jpg,heart,train
data\raw\heart\heart (315).jpg,heart,train
data\raw\heart\heart (232).jpg,heart,train
data\raw\heart\heart (563).jpg,heart,train
data\raw\heart\heart (474).jpg,heart,train
data\raw\heart\heart (693).jpg,heart,train
data\raw\heart\heart (277).jpg,heart,train
data\raw\heart\heart (625).jpg,heart,train
data\raw\heart\heart (391).jpg,heart,train
data\raw\heart\heart (84).jpg,heart,train
data\raw\heart\heart (730).jpg,heart,train
data\raw\heart\heart (953).jpg,heart,train
data\raw\heart\heart (562).jpg,heart,train
data\raw\heart\heart (877).jpg,heart,train
data\raw\heart\heart (851).jpg,heart,train
data\raw\heart\heart (889).jpg,heart,train
data\raw\heart\heart (421).jpg,heart,train
data\raw\heart\heart (633).jpg,heart,train
data\raw\heart\heart (808).jpg,heart,train
data\raw\heart\heart (268).jpg,heart,train
data\raw\heart\heart (158).jpg,heart,train
data\raw\heart\heart (418).jpg,heart,train
data\raw\heart\heart (818).jpg,heart,train
data\raw\heart\heart (910).jpg,heart,train
data\raw\heart\heart (927).jpg,heart,train
data\raw\heart\heart (947).jpg,heart,train
data\raw\heart\heart (396).jpg,heart,train
data\raw\heart\heart (753).jpg,heart,train
data\raw\heart\heart (455).jpg,heart,train
data\raw\heart\heart (515).jpg,heart,train
data\raw\heart\heart (452).jpg,heart,train
data\raw\heart\heart (379).jpg,heart,train
data\raw\heart\heart (710).jpg,heart,train
data\raw\heart\heart (769).jpg,heart,train
data\raw\heart\heart (928).jpg,heart,train
data\raw\heart\heart (513).jpg,heart,train
data\raw\heart\heart (569).jpg,heart,train
data\raw\heart\heart (667).jpg,heart,train
data\raw\heart\heart (54).jpg,heart,train
data\raw\heart\heart (274).jpg,heart,train
data\raw\heart\heart (329).jpg,heart,train
data\raw\heart\heart (722).jpg,heart,train
data\raw\heart\heart (765).jpg,heart,train
data\raw\heart\heart (618).jpg,heart,train
data\raw\heart\heart (24).jpg,heart,train
data\raw\heart\heart (65).jpg,heart,train
data\raw\heart\heart (451).jpg,heart,train
data\raw\heart\heart (971).jpg,heart,train
data\raw\heart\heart (718).jpg,heart,train
data\raw\heart\heart (423).jpg,heart,train
data\raw\heart\heart (833).jpg,heart,train
data\raw\heart\heart (46).jpg,heart,train
data\raw\heart\heart (181).jpg,heart,train
data\raw\heart\heart (924).jpg,heart,train
data\raw\heart\heart (539).jpg,heart,train
data\raw\heart\heart (504).jpg,heart,train
data\raw\heart\heart (324).jpg,heart,train
data\raw\heart\heart (687).jpg,heart,train
data\raw\heart\heart (791).jpg,heart,train
data\raw\heart\heart (701).jpg,heart,train
data\raw\heart\heart (214).jpg,heart,train
data\raw\heart\heart (672).jpg,heart,train
data\raw\heart\heart (991).jpg,heart,train
data\raw\heart\heart (406).jpg,heart,train
data\raw\heart\heart (376).jpg,heart,train
data\raw\heart\heart (220).jpg,heart,train
data\raw\heart\heart (178).jpg,heart,train
data\raw\heart\heart (393).jpg,heart,train
data\raw\heart\heart (526).jpg,heart,train
data\raw\heart\heart (982).jpg,heart,train
data\raw\heart\heart (864).jpg,heart,train
data\raw\heart\heart (901).jpg,heart,train
data\raw\heart\heart (436).jpg,heart,train
data\raw\heart\heart (259).jpg,heart,train
data\raw\heart\heart (121).jpg,heart,train
data\raw\heart\heart (412).jpg,heart,train
data\raw\heart\heart (548).jpg,heart,train
data\raw\heart\heart (525).jpg,heart,train
data\raw\heart\heart (654).jpg,heart,train
data\raw\heart\heart (726).jpg,heart,train
data\raw\heart\heart (143).jpg,heart,train
data\raw\heart\heart (289).jpg,heart,train
data\raw\heart\heart (441).jpg,heart,train
data\raw\heart\heart (894).jpg,heart,train
data\raw\heart\heart (254).jpg,heart,train
data\raw\heart\heart (230).jpg,heart,train
data\raw\heart\heart (476).jpg,heart,train
data\raw\heart\heart (964).jpg,heart,train
data\raw\heart\heart (231).jpg,heart,train
data\raw\heart\heart (977).jpg,heart,train
data\raw\heart\heart (17).jpg,heart,train
data\raw\heart\heart (797).jpg,heart,train
data\raw\heart\heart (370).jpg,heart,train
data\raw\heart\heart (995).jpg,heart,train
data\raw\heart\heart (571).jpg,heart,train
data\raw\heart\heart (796).jpg,heart,train
data\raw\heart\heart (306).jpg,heart,train
data\raw\heart\heart (661).jpg,heart,train
data\raw\heart\heart (819).jpg,heart,train
data\raw\heart\heart (603).jpg,heart,train
data\raw\heart\heart (557).jpg,heart,train
data\raw\heart\heart (855).jpg,heart,train
data\raw\heart\heart (543).jpg,heart,train
data\raw\heart\heart (205).jpg,heart,train
data\raw\heart\heart (528).jpg,heart,train
data\raw\heart\heart (228).jpg,heart,train
data\raw\heart\heart (124).jpg,heart,train
data\raw\heart\heart (918).jpg,heart,train
data\raw\heart\heart (207).jpg,heart,train
data\raw\heart\heart (643).jpg,heart,train
data\raw\heart\heart (153).jpg,heart,train
data\raw\heart\heart (883).jpg,heart,train
data\raw\heart\heart (613).jpg,heart,train
data\raw\heart\heart (102).jpg,heart,train
data\raw\heart\heart (932).jpg,heart,train
data\raw\heart\heart (674).jpg,heart,train
data\raw\heart\heart (494).jpg,heart,train
data\raw\heart\heart (755).jpg,heart,train
data\raw\heart\heart (272).jpg,heart,train
data\raw\heart\heart (776).jpg,heart,train
data\raw\heart\heart (662).jpg,heart,train
data\raw\heart\heart (612).jpg,heart,train
data\raw\heart\heart (113).jpg,heart,train
data\raw\heart\heart (767).jpg,heart,train
data\raw\heart\heart (921).jpg,heart,train
data\raw\heart\heart (558).jpg,heart,train
data\raw\heart\heart (614).jpg,heart,train
data\raw\heart\heart (222).jpg,heart,train
data\raw\heart\heart (270).jpg,heart,train
data\raw\heart\heart (101).jpg,heart,train
data\raw\heart\heart (498).jpg,heart,train
data\raw\heart\heart (116).jpg,heart,train
data\raw\heart\heart (290).jpg,heart,train
data\raw\heart\heart (156).jpg,heart,train
data\raw\heart\heart (469).jpg,heart,train
data\raw\heart\heart (37).jpg,heart,train
data\raw\heart\heart (399).jpg,heart,train
data\raw\heart\heart (271).jpg,heart,train
data\raw\heart\heart (697).jpg,heart,train
data\raw\heart\heart (334).jpg,heart,train
data\raw\heart\heart (681).jpg,heart,train
data\raw\heart\heart (828).jpg,heart,train
data\raw\heart\heart (307).jpg,heart,train
data\raw\heart\heart (814).jpg,heart,train
data\raw\heart\heart (711).jpg,heart,train
data\raw\heart\heart (822).jpg,heart,train
data\raw\heart\heart (532).jpg,heart,train
data\raw\heart\heart (422).jpg,heart,train
data\raw\heart\heart (853).jpg,heart,train
data\raw\heart\heart (310).jpg,heart,train
data\raw\heart\heart (663).jpg,heart,train
data\raw\heart\heart (960).jpg,heart,train
data\raw\heart\heart (622).jpg,heart,train
data\raw\heart\heart (343).jpg,heart,train
data\raw\heart\heart (28).jpg,heart,train
data\raw\heart\heart (11).jpg,heart,train
data\raw\heart\heart (483).jpg,heart,train
data\raw\heart\heart (313).jpg,heart,train
data\raw\heart\heart (174).jpg,heart,train
data\raw\heart\heart (578).jpg,heart,train
data\raw\heart\heart (253).jpg,heart,train
data\raw\heart\heart (359).jpg,heart,train
data\raw\heart\heart (535).jpg,heart,train
data\raw\heart\heart (395).jpg,heart,train
data\raw\heart\heart (713).jpg,heart,train
data\raw\heart\heart (385).jpg,heart,train
data\raw\heart\heart (507).jpg,heart,train
data\raw\heart\heart (322).jpg,heart,train
data\raw\heart\heart (860).jpg,heart,train
data\raw\heart\heart (35).jpg,heart,train
data\raw\heart\heart (508).jpg,heart,train
data\raw\heart\heart (91).jpg,heart,train
data\raw\heart\heart (784).jpg,heart,train
data\raw\heart\heart (591).jpg,heart,train
data\raw\heart\heart (260).jpg,heart,train
data\raw\heart\heart (60).jpg,heart,train
data\raw\heart\heart (664).jpg,heart,train
data\raw\heart\heart (48).jpg,heart,train
data\raw\heart\heart (858).jpg,heart,train
data\raw\heart\heart (107).jpg,heart,train
data\raw\heart\heart (278).jpg,heart,train
data\raw\heart\heart (481).jpg,heart,train
data\raw\heart\heart (58).jpg,heart,train
data\raw\heart\heart (126).jpg,heart,train
data\raw\heart\heart (62).jpg,heart,train
data\raw\heart\heart (462).jpg,heart,train
data\raw\heart\heart (348).jpg,heart,train
data\raw\heart\heart (499).jpg,heart,train
data\raw\heart\heart (793).jpg,heart,train
data\raw\heart\heart (433).jpg,heart,train
data\raw\heart\heart (749).jpg,heart,train
data\raw\heart\heart (459).jpg,heart,train
data\raw\heart\heart (169).jpg,heart,train
data\raw\heart\heart (582).jpg,heart,train
data\raw\heart\heart (616).jpg,heart,train
data\raw\heart\heart (592).jpg,heart,train
data\raw\heart\heart (738).jpg,heart,train
data\raw\heart\heart (135).jpg,heart,train
data\raw\heart\heart (896).jpg,heart,train
data\raw\heart\heart (668).jpg,heart,train
data\raw\heart\heart (871).jpg,heart,train
data\raw\heart\heart (223).jpg,heart,train
data\raw\heart\heart (445).jpg,heart,train
data\raw\heart\heart (509).jpg,heart,train
data\raw\heart\heart (938).jpg,heart,train
data\raw\heart\heart (830).jpg,heart,train
data\raw\heart\heart (224).jpg,heart,train
data\raw\heart\heart (660).jpg,heart,train
data\raw\heart\heart (387).jpg,heart,train
data\raw\heart\heart (736).jpg,heart,train
data\raw\heart\heart (51).jpg,heart,train
data\raw\heart\heart (885).jpg,heart,train
data\raw\heart\heart (392).jpg,heart,train
data\raw\heart\heart (211).jpg,heart,train
data\raw\heart\heart (217).jpg,heart,train
data\raw\heart\heart (834).jpg,heart,train
data\raw\heart\heart (456).jpg,heart,train
data\raw\heart\heart (922).jpg,heart,train
data\raw\heart\heart (993).jpg,heart,train
data\raw\heart\heart (472).jpg,heart,train
data\raw\heart\heart (634).jpg,heart,train
data\raw\heart\heart (330).jpg,heart,train
data\raw\heart\heart (380).jpg,heart,train
data\raw\heart\heart (467).jpg,heart,train
data\raw\heart\heart (244).jpg,heart,train
data\raw\heart\heart (372).jpg,heart,train
data\raw\heart\heart (356).jpg,heart,train
data\raw\heart\heart (679).jpg,heart,train
data\raw\heart\heart (670).jpg,heart,train
data\raw\heart\heart (416).jpg,heart,train
data\raw\heart\heart (16).jpg,heart,train
data\raw\heart\heart (709).jpg,heart,train
data\raw\heart\heart (849).jpg,heart,train
data\raw\heart\heart (940).jpg,heart,train
data\raw\heart\heart (71).jpg,heart,train
data\raw\heart\heart (746).jpg,heart,train
data\raw\heart\heart (311).jpg,heart,train
data\raw\heart\heart (337).jpg,heart,train
data\raw\heart\heart (18).jpg,heart,train
data\raw\heart\heart (850).jpg,heart,train
data\raw\heart\heart (875).jpg,heart,train
data\raw\heart\heart (147).jpg,heart,train
data\raw\heart\heart (690).jpg,heart,train
data\raw\heart\heart (948).jpg,heart,train
data\raw\heart\heart (464).jpg,heart,train
data\raw\heart\heart (440).jpg,heart,train
data\raw\heart\heart (21).jpg,heart,train
data\raw\heart\heart (540).jpg,heart,train
data\raw\heart\heart (820).jpg,heart,train
data\raw\heart\heart (909).jpg,heart,train
data\raw\heart\heart (486).jpg,heart,train
data\raw\heart\heart (95).jpg,heart,train
data\raw\heart\heart (731).jpg,heart,train
data\raw\heart\heart (363).jpg,heart,train
data\raw\heart\heart (89).jpg,heart,train
data\raw\heart\heart (29).jpg,heart,train
data\raw\heart\heart (925).jpg,heart,train
data\raw\heart\heart (131).jpg,heart,train
data\raw\heart\heart (873).jpg,heart,train
data\raw\heart\heart (907).jpg,heart,train
data\raw\heart\heart (210).jpg,heart,train
data\raw\heart\heart (119).jpg,heart,train
data\raw\heart\heart (854).jpg,heart,train
data\raw\heart\heart (978).jpg,heart,train
data\raw\heart\heart (19).jpg,heart,train
data\raw\heart\heart (201).jpg,heart,train
data\raw\heart\heart (490).jpg,heart,train
data\raw\heart\heart (954).jpg,heart,train
data\raw\heart\heart (206).jpg,heart,train
data\raw\heart\heart (444).jpg,heart,train
data\raw\heart\heart (140).jpg,heart,train
data\raw\heart\heart (252).jpg,heart,train
data\raw\heart\heart (384).jpg,heart,train
data\raw\heart\heart (390).jpg,heart,train
data\raw\heart\heart (891).jpg,heart,train
data\raw\heart\heart (335).jpg,heart,train
data\raw\heart\heart (229).jpg,heart,train
data\raw\heart\heart (137).jpg,heart,train
data\raw\heart\heart (552).jpg,heart,train
data\raw\heart\heart (176).jpg,heart,train
data\raw\heart\heart (437).jpg,heart,train
data\raw\heart\heart (576).jpg,heart,train
data\raw\heart\heart (985).jpg,heart,train
data\raw\heart\heart (865).jpg,heart,train
data\raw\heart\heart (409).jpg,heart,train
data\raw\heart\heart (461).jpg,heart,train
data\raw\heart\heart (301).jpg,heart,train
data\raw\heart\heart (988).jpg,heart,train
data\raw\heart\heart (246).jpg,heart,train
data\raw\heart\heart (40).jpg,heart,train
data\raw\heart\heart (639).jpg,heart,train
data\raw\heart\heart (923).jpg,heart,train
data\raw\heart\heart (523).jpg,heart,train
data\raw\heart\heart (500).jpg,heart,train
data\raw\heart\heart (195).jpg,heart,train
data\raw\heart\heart (87).jpg,heart,train
data\raw\heart\heart (238).jpg,heart,train
data\raw\heart\heart (510).jpg,heart,train
data\raw\heart\heart (350).jpg,heart,train
data\raw\heart\heart (285).jpg,heart,train
data\raw\heart\heart (237).jpg,heart,train
data\raw\heart\heart (627).jpg,heart,train
data\raw\heart\heart (780).jpg,heart,train
data\raw\heart\heart (986).jpg,heart,train
data\raw\heart\heart (443).jpg,heart,train
data\raw\heart\heart (82).jpg,heart,train
data\raw\heart\heart (682).jpg,heart,train
data\raw\heart\heart (824).jpg,heart,train
data\raw\heart\heart (581).jpg,heart,train
data\raw\heart\heart (551).jpg,heart,train
data\raw\heart\heart (762).jpg,heart,train
data\raw\heart\heart (601).jpg,heart,train
data\raw\heart\heart (589).jpg,heart,train
data\raw\heart\heart (419).jpg,heart,train
data\raw\heart\heart (284).jpg,heart,train
data\raw\heart\heart (899).jpg,heart,train
data\raw\heart\heart (649).jpg,heart,train
data\raw\heart\heart (739).jpg,heart,train
data\raw\heart\heart (577).jpg,heart,train
data\raw\heart\heart (331).jpg,heart,train
data\raw\heart\heart (236).jpg,heart,train
data\raw\heart\heart (866).jpg,heart,train
data\raw\heart\heart (155).jpg,heart,train
data\raw\heart\heart (49).jpg,heart,train
data\raw\heart\heart (403).jpg,heart,train
data\raw\heart\heart (560).jpg,heart,train
data\raw\heart\heart (772).jpg,heart,train
data\raw\heart\heart (537).jpg,heart,train
data\raw\heart\heart (570).jpg,heart,train
data\raw\heart\heart (902).jpg,heart,train
data\raw\heart\heart (956).jpg,heart,train
data\raw\heart\heart (266).jpg,heart,train
data\raw\heart\heart (704).jpg,heart,train
data\raw\heart\heart (407).jpg,heart,train
data\raw\heart\heart (438).jpg,heart,train
data\raw\heart\heart (911).jpg,heart,train
data\raw\heart\heart (43).jpg,heart,train
data\raw\heart\heart (61).jpg,heart,train
data\raw\heart\heart (346).jpg,heart,train
data\raw\heart\heart (72).jpg,heart,train
data\raw\heart\heart (338).jpg,heart,train
data\raw\heart\heart (802).jpg,heart,train
data\raw\heart\heart (942).jpg,heart,train
data\raw\heart\heart (579).jpg,heart,train
data\raw\heart\heart (118).jpg,heart,train
data\raw\heart\heart (587).jpg,heart,train
data\raw\heart\heart (186).jpg,heart,train
data\raw\heart\heart (364).jpg,heart,train
data\raw\heart\heart (512).jpg,heart,train
data\raw\heart\heart (276).jpg,heart,train
data\raw\heart\heart (735).jpg,heart,train
data\raw\heart\heart (333).jpg,heart,train
data\raw\heart\heart (378).jpg,heart,train
data\raw\heart\heart (980).jpg,heart,train
data\raw\heart\heart (242).jpg,heart,train
data\raw\heart\heart (460).jpg,heart,train
data\raw\heart\heart (584).jpg,heart,train
data\raw\heart\heart (257).jpg,heart,train
data\raw\heart\heart (752).jpg,heart,train
data\raw\heart\heart (812).jpg,heart,train
data\raw\heart\heart (835).jpg,heart,train
data\raw\heart\heart (8).jpg,heart,train
data\raw\heart\heart (78).jpg,heart,train
data\raw\heart\heart (366).jpg,heart,train
data\raw\heart\heart (180).jpg,heart,train
data\raw\heart\heart (935).jpg,heart,train
data\raw\heart\heart (502).jpg,heart,train
data\raw\heart\heart (68).jpg,heart,train
data\raw\heart\heart (110).jpg,heart,train
data\raw\heart\heart (530).jpg,heart,train
data\raw\heart\heart (996).jpg,heart,train
data\raw\heart\heart (880).jpg,heart,train
data\raw\heart\heart (487).jpg,heart,train
data\raw\heart\heart (724).jpg,heart,train
data\raw\heart\heart (550).jpg,heart,train
data\raw\heart\heart (332).jpg,heart,train
data\raw\heart\heart (394).jpg,heart,train
data\raw\heart\heart (26).jpg,heart,train
data\raw\heart\heart (606).jpg,heart,train
data\raw\heart\heart (454).jpg,heart,train
data\raw\heart\heart (544).jpg,heart,train
data\raw\heart\heart (13).jpg,heart,train
data\raw\heart\heart (497).jpg,heart,train
data\raw\heart\heart (933).jpg,heart,train
data\raw\heart\heart (692).jpg,heart,train
data\raw\heart\heart (671).jpg,heart,train
data\raw\heart\heart (187).jpg,heart,train
data\raw\heart\heart (401).jpg,heart,train
data\raw\heart\heart (109).jpg,heart,train
data\raw\heart\heart (714).jpg,heart,train
data\raw\heart\heart (202).jpg,heart,train
data\raw\heart\heart (50).jpg,heart,train
data\raw\heart\heart (465).jpg,heart,train
data\raw\heart\heart (832).jpg,heart,train
data\raw\heart\heart (38).jpg,heart,train
data\raw\heart\heart (420).jpg,heart,train
data\raw\heart\heart (522).jpg,heart,train
data\raw\heart\heart (282).jpg,heart,train
data\raw\heart\heart (302).jpg,heart,train
data\raw\heart\heart (531).jpg,heart,train
data\raw\heart\heart (133).jpg,heart,train
data\raw\heart\heart (450).jpg,heart,train
data\raw\heart\heart (198).jpg,heart,train
data\raw\heart\heart (848).jpg,heart,train
data\raw\heart\heart (83).jpg,heart,train
data\raw\heart\heart (965).jpg,heart,train
data\raw\heart\heart (478).jpg,heart,train
data\raw\heart\heart (404).jpg,heart,train
data\raw\heart\heart (263).jpg,heart,train
data\raw\heart\heart (997).jpg,heart,train
data\raw\heart\heart (479).jpg,heart,train
data\raw\heart\heart (261).jpg,heart,train
data\raw\heart\heart (912).jpg,heart,train
data\raw\heart\heart (874).jpg,heart,train
data\raw\heart\heart (683).jpg,heart,train
data\raw\heart\heart (77).jpg,heart,train
data\raw\heart\heart (729).jpg,heart,train
data\raw\heart\heart (193).jpg,heart,train
data\raw\heart\heart (926).jpg,heart,train
data\raw\heart\heart (685).jpg,heart,train
data\raw\heart\heart (428).jpg,heart,train
data\raw\heart\heart (656).jpg,heart,train
data\raw\heart\heart (913).jpg,heart,train
data\raw\heart\heart (382).jpg,heart,train
data\raw\heart\heart (136).jpg,heart,train
data\raw\heart\heart (215).jpg,heart,train
data\raw\heart\heart (495).jpg,heart,train
data\raw\heart\heart (234).jpg,heart,train
data\raw\heart\heart (628).jpg,heart,train
data\raw\heart\heart (130).jpg,heart,train
data\raw\heart\heart (235).jpg,heart,train
data\raw\heart\heart (707).jpg,heart,train
data\raw\heart\heart (963).jpg,heart,train
data\raw\heart\heart (64).jpg,heart,train
data\raw\heart\heart (492).jpg,heart,train
data\raw\heart\heart (505).jpg,heart,train
data\raw\heart\heart (805).jpg,heart,train
data\raw\heart\heart (34).jpg,heart,train
data\raw\heart\heart (218).jpg,heart,train
data\raw\heart\heart (405).jpg,heart,train
data\raw\heart\heart (821).jpg,heart,train
data\raw\heart\heart (139).jpg,heart,train
data\raw\heart\heart (353).jpg,heart,train
data\raw\heart\heart (686).jpg,heart,train
data\raw\heart\heart (952).jpg,heart,train
data\raw\heart\heart (145).jpg,heart,train
data\raw\heart\heart (838).jpg,heart,train
data\raw\heart\heart (80).jpg,heart,train
data\raw\heart\heart (979).jpg,heart,train
data\raw\heart\heart (638).jpg,heart,train
data\raw\heart\heart (286).jpg,heart,train
data\raw\heart\heart (414).jpg,heart,train
data\raw\heart\heart (292).jpg,heart,train
data\raw\heart\heart (358).jpg,heart,train
data\raw\heart\heart (349).jpg,heart,train
data\raw\heart\heart (957).jpg,heart,train
data\raw\heart\heart (837).jpg,heart,train
data\raw\heart\heart (197).jpg,heart,train
data\raw\heart\heart (204).jpg,heart,train
data\raw\heart\heart (946).jpg,heart,train
data\raw\heart\heart (221).jpg,heart,train
data\raw\heart\heart (194).jpg,heart,train
data\raw\heart\heart (374).jpg,heart,train
data\raw\heart\heart (974).jpg,heart,train
data\raw\heart\heart (105).jpg,heart,train
data\raw\heart\heart (839).jpg,heart,train
data\raw\heart\heart (377).jpg,heart,train
data\raw\heart\heart (6).jpg,heart,train
data\raw\heart\heart (768).jpg,heart,train
data\raw\heart\heart (67).jpg,heart,train
data\raw\heart\heart (360).jpg,heart,train
data\raw\heart\heart (439).jpg,heart,train
data\raw\heart\heart (9).jpg,heart,train
data\raw\heart\heart (665).jpg,heart,train
data\raw\heart\heart (42).jpg,heart,train
data\raw\heart\heart (74).jpg,heart,train
data\raw\heart\heart (657).jpg,heart,train
data\raw\heart\heart (565).jpg,heart,train
data\raw\heart\heart (695).jpg,heart,train
data\raw\heart\heart (594).jpg,heart,train
data\raw\heart\heart (166).jpg,heart,train
data\raw\heart\heart (190).jpg,heart,train
data\raw\heart\heart (617).jpg,heart,train
data\raw\heart\heart (870).jpg,heart,train
data\raw\heart\heart (106).jpg,heart,train
data\raw\heart\heart (165).jpg,heart,train
data\raw\heart\heart (955).jpg,heart,train
data\raw\heart\heart (52).jpg,heart,train
data\raw\heart\heart (375).jpg,heart,train
data\raw\heart\heart (219).jpg,heart,train
data\raw\heart\heart (872).jpg,heart,train
data\raw\heart\heart (895).jpg,heart,train
data\raw\heart\heart (318).jpg,heart,train
data\raw\heart\heart (676).jpg,heart,train
data\raw\heart\heart (287).jpg,heart,train
data\raw\heart\heart (339).jpg,heart,train
data\raw\heart\heart (882).jpg,heart,train
data\raw\heart\heart (580).jpg,heart,train
data\raw\heart\heart (619).jpg,heart,train
data\raw\heart\heart (86).jpg,heart,train
data\raw\heart\heart (970).jpg,heart,train
data\raw\heart\heart (173).jpg,heart,train
data\raw\heart\heart (134).jpg,heart,train
data\raw\heart\heart (646).jpg,heart,train
data\raw\heart\heart (631).jpg,heart,train
data\raw\heart\heart (867).jpg,heart,train
data\raw\heart\heart (623).jpg,heart,train
data\raw\heart\heart (208).jpg,heart,train
data\raw\heart\heart (470).jpg,heart,train
data\raw\heart\heart (314).jpg,heart,train
data\raw\heart\heart (75).jpg,heart,train
data\raw\heart\heart (647).jpg,heart,train
data\raw\heart\heart (789).jpg,heart,train
data\raw\heart\heart (27).jpg,heart,train
data\raw\heart\heart (172).jpg,heart,train
data\raw\heart\heart (567).jpg,heart,train
data\raw\heart\heart (888).jpg,heart,train
data\raw\heart\heart (823).jpg,heart,train
data\raw\heart\heart (803).jpg,heart,train
data\raw\heart\heart (561).jpg,heart,train
data\raw\heart\heart (538).jpg,heart,train
data\raw\heart\heart (861).jpg,heart,train
data\raw\heart\heart (703).jpg,heart,train
data\raw\heart\heart (150).jpg,heart,train
data\raw\heart\heart (388).jpg,heart,train
data\raw\heart\heart (720).jpg,heart,train
data\raw\heart\heart (599).jpg,heart,train
data\raw\heart\heart (632).jpg,heart,train
data\raw\heart\heart (852).jpg,heart,train
data\raw\heart\heart (299).jpg,heart,train
data\raw\heart\heart (371).jpg,heart,train
data\raw\heart\heart (743).jpg,heart,train
data\raw\heart\heart (240).jpg,heart,train
data\raw\heart\heart (547).jpg,heart,train
data\raw\heart\heart (610).jpg,heart,train
data\raw\heart\heart (906).jpg,heart,train
data\raw\heart\heart (361).jpg,heart,train
data\raw\heart\heart (517).jpg,heart,train
data\raw\heart\heart (989).jpg,heart,train
data\raw\heart\heart (458).jpg,heart,train
data\raw\heart\heart (100).jpg,heart,train
data\raw\heart\heart (897).jpg,heart,train
data\raw\heart\heart (25).jpg,heart,train
data\raw\heart\heart (751).jpg,heart,train
data\raw\heart\heart (881).jpg,heart,train
data\raw\heart\heart (295).jpg,heart,train
data\raw\heart\heart (541).jpg,heart,train
data\raw\heart\heart (742).jpg,heart,train
data\raw\heart\heart (775).jpg,heart,train
data\raw\heart\heart (251).jpg,heart,train
data\raw\heart\heart (316).jpg,heart,train
data\raw\heart\heart (981).jpg,heart,train
data\raw\heart\heart (111).jpg,heart,train
data\raw\heart\heart (597).jpg,heart,train
data\raw\heart\heart (7).jpg,heart,train
data\raw\heart\heart (144).jpg,heart,train
data\raw\heart\heart (99).jpg,heart,train
data\raw\heart\heart (605).jpg,heart,train
data\raw\heart\heart (506).jpg,heart,train
data\raw\heart\heart (168).jpg,heart,train
data\raw\heart\heart (328).jpg,heart,train
data\raw\heart\heart (92).jpg,heart,train
data\raw\heart\heart (744).jpg,heart,train
data\raw\heart\heart (267).jpg,heart,train
data\raw\heart\heart (845).jpg,heart,train
data\raw\heart\heart (227).jpg,heart,train
data\raw\heart\heart (969).jpg,heart,train
data\raw\heart\heart (831).jpg,heart,train
data\raw\heart\heart (733).jpg,heart,train
data\raw\heart\heart (93).jpg,heart,train
data\raw\heart\heart (327).jpg,heart,train
data\raw\heart\heart (199).jpg,heart,train
data\raw\heart\heart (410).jpg,heart,train
data\raw\heart\heart (47).jpg,heart,train
data\raw\heart\heart (154).jpg,heart,train
data\raw\heart\heart (189).jpg,heart,train
data\raw\heart\heart (694).jpg,heart,train
data\raw\heart\heart (700).jpg,heart,train
data\raw\heart\heart (719).jpg,heart,train
data\raw\heart\heart (148).jpg,heart,train
data\raw\heart\heart (529).jpg,heart,train
data\raw\heart\heart (477).jpg,heart,train
data\raw\heart\heart (779).jpg,heart,train
data\raw\heart\heart (424).jpg,heart,val
data\raw\heart\heart (496).jpg,heart,val
data\raw\heart\heart (705).jpg,heart,val
data\raw\heart\heart (950).jpg,heart,val
data\raw\heart\heart (185).jpg,heart,val
data\raw\heart\heart (273).jpg,heart,val
data\raw\heart\heart (473).jpg,heart,val
data\raw\heart\heart (737).jpg,heart,val
data\raw\heart\heart (321).jpg,heart,val
data\raw\heart\heart (534).jpg,heart,val
data\raw\heart\heart (63).jpg,heart,val
data\raw\heart\heart (624).jpg,heart,val
data\raw\heart\heart (22).jpg,heart,val
data\raw\heart\heart (777).jpg,heart,val
data\raw\heart\heart (296).jpg,heart,val
data\raw\heart\heart (79).jpg,heart,val
data\raw\heart\heart (715).jpg,heart,val
data\raw\heart\heart (355).jpg,heart,val
data\raw\heart\heart (317).jpg,heart,val
data\raw\heart\heart (572).jpg,heart,val
data\raw\heart\heart (754).jpg,heart,val
data\raw\heart\heart (402).jpg,heart,val
data\raw\heart\heart (884).jpg,heart,val
data\raw\heart\heart (160).jpg,heart,val
data\raw\heart\heart (886).jpg,heart,val
data\raw\heart\heart (152).jpg,heart,val
data\raw\heart\heart (680).jpg,heart,val
data\raw\heart\heart (750).jpg,heart,val
data\raw\heart\heart (163).jpg,heart,val
data\raw\heart\heart (104).jpg,heart,val
data\raw\heart\heart (97).jpg,heart,val
data\raw\heart\heart (76).jpg,heart,val
data\raw\heart\heart (31).jpg,heart,val
data\raw\heart\heart (609).jpg,heart,val
data\raw\heart\heart (640).jpg,heart,val
data\raw\heart\heart (117).jpg,heart,val
data\raw\heart\heart (41).jpg,heart,val
data\raw\heart\heart (843).jpg,heart,val
data\raw\heart\heart (305).jpg,heart,val
data\raw\heart\heart (326).jpg,heart,val
data\raw\heart\heart (209).jpg,heart,val
data\raw\heart\heart (514).jpg,heart,val
data\raw\heart\heart (575).jpg,heart,val
data\raw\heart\heart (501).jpg,heart,val
data\raw\heart\heart (847).jpg,heart,val
data\raw\heart\heart (973).jpg,heart,val
data\raw\heart\heart (717).jpg,heart,val
data\raw\heart\heart (859).jpg,heart,val
data\raw\heart\heart (386).jpg,heart,val
data\raw\heart\heart (756).jpg,heart,val
data\raw\heart\heart (283).jpg,heart,val
data\raw\heart\heart (734).jpg,heart,val
data\raw\heart\heart (943).jpg,heart,val
data\raw\heart\heart (804).jpg,heart,val
data\raw\heart\heart (879).jpg,heart,val
data\raw\heart\heart (489).jpg,heart,val
data\raw\heart\heart (658).jpg,heart,val
data\raw\heart\heart (585).jpg,heart,val
data\raw\heart\heart (869).jpg,heart,val
data\raw\heart\heart (250).jpg,heart,val
data\raw\heart\heart (604).jpg,heart,val
data\raw\heart\heart (536).jpg,heart,val
data\raw\heart\heart (706).jpg,heart,val
data\raw\heart\heart (216).jpg,heart,val
data\raw\heart\heart (213).jpg,heart,val
data\raw\heart\heart (59).jpg,heart,val
data\raw\heart\heart (161).jpg,heart,val
data\raw\heart\heart (546).jpg,heart,val
data\raw\heart\heart (773).jpg,heart,val
data\raw\heart\heart (177).jpg,heart,val
data\raw\heart\heart (939).jpg,heart,val
data\raw\heart\heart (878).jpg,heart,val
data\raw\heart\heart (32).jpg,heart,val
data\raw\heart\heart (151).jpg,heart,val
data\raw\heart\heart (319).jpg,heart,val
data\raw\heart\heart (381).jpg,heart,val
data\raw\heart\heart (432).jpg,heart,val
data\raw\heart\heart (826).jpg,heart,val
data\raw\heart\heart (115).jpg,heart,val
data\raw\heart\heart (549).jpg,heart,val
data\raw\heart\heart (397).jpg,heart,val
data\raw\heart\heart (650).jpg,heart,val
data\raw\heart\heart (1).jpg,heart,val
data\raw\heart\heart (588).jpg,heart,val
data\raw\heart\heart (596).jpg,heart,val
data\raw\heart\heart (247).jpg,heart,val
data\raw\heart\heart (817).jpg,heart,val
data\raw\heart\heart (442).jpg,heart,val
data\raw\heart\heart (85).jpg,heart,val
data\raw\heart\heart (975).jpg,heart,val
data\raw\heart\heart (903).jpg,heart,val
data\raw\heart\heart (815).jpg,heart,val
data\raw\heart\heart (999).jpg,heart,val
data\raw\heart\heart (373).jpg,heart,val
data\raw\heart\heart (675).jpg,heart,val
data\raw\heart\heart (196).jpg,heart,val
data\raw\heart\heart (566).jpg,heart,val
data\raw\heart\heart (262).jpg,heart,val
data\raw\heart\heart (800).jpg,heart,val
data\raw\heart\heart (56).jpg,heart,val
data\raw\heart\heart (936).jpg,heart,val
data\raw\heart\heart (761).jpg,heart,val
data\raw\heart\heart (764).jpg,heart,val
data\raw\heart\heart (1000).jpg,heart,val
data\raw\heart\heart (916).jpg,heart,val
data\raw\heart\heart (243).jpg,heart,val
data\raw\heart\heart (5).jpg,heart,val
data\raw\heart\heart (937).jpg,heart,val
data\raw\heart\heart (998).jpg,heart,val
data\raw\heart\heart (959).jpg,heart,val
data\raw\heart\heart (69).jpg,heart,val
data\raw\heart\heart (807).jpg,heart,val
data\raw\heart\heart (908).jpg,heart,val
data\raw\heart\heart (790).jpg,heart,val
data\raw\heart\heart (941).jpg,heart,val
data\raw\heart\heart (727).jpg,heart,val
data\raw\heart\heart (203).jpg,heart,val
data\raw\heart\heart (763).jpg,heart,val
data\raw\heart\heart (846).jpg,heart,val
data\raw\heart\heart (108).jpg,heart,val
data\raw\heart\heart (608).jpg,heart,val
data\raw\heart\heart (33).jpg,heart,val
data\raw\heart\heart (586).jpg,heart,val
data\raw\heart\heart (53).jpg,heart,val
data\raw\heart\heart (966).jpg,heart,val
data\raw\heart\heart (45).jpg,heart,val
data\raw\heart\heart (453).jpg,heart,val
data\raw\heart\heart (157).jpg,heart,val
data\raw\heart\heart (648).jpg,heart,val
data\raw\heart\heart (96).jpg,heart,val
data\raw\heart\heart (725).jpg,heart,val
data\raw\heart\heart (829).jpg,heart,val
data\raw\heart\heart (961).jpg,heart,val
data\raw\heart\heart (677).jpg,heart,val
data\raw\heart\heart (239).jpg,heart,val
data\raw\heart\heart (2).jpg,heart,val
data\raw\heart\heart (141).jpg,heart,val
data\raw\heart\heart (795).jpg,heart,val
data\raw\heart\heart (182).jpg,heart,val
data\raw\heart\heart (553).jpg,heart,val
data\raw\heart\heart (568).jpg,heart,val
data\raw\heart\heart (225).jpg,heart,val
data\raw\heart\heart (892).jpg,heart,val
data\raw\heart\heart (931).jpg,heart,val
data\raw\heart\heart (466).jpg,heart,val
data\raw\heart\heart (636).jpg,heart,val
data\raw\heart\heart (493).jpg,heart,val
data\raw\heart\heart (637).jpg,heart,val
data\raw\heart\heart (787).jpg,heart,val
data\raw\heart\heart (340).jpg,heart,val
data\raw\heart\heart (595).jpg,heart,test
data\raw\heart\heart (976).jpg,heart,test
data\raw\heart\heart (785).jpg,heart,test
data\raw\heart\heart (325).jpg,heart,test
data\raw\heart\heart (992).jpg,heart,test
data\raw\heart\heart (342).jpg,heart,test
data\raw\heart\heart (23).jpg,heart,test
data\raw\heart\heart (520).jpg,heart,test
data\raw\heart\heart (691).jpg,heart,test
data\raw\heart\heart (463).jpg,heart,test
data\raw\heart\heart (559).jpg,heart,test
data\raw\heart\heart (702).jpg,heart,test
data\raw\heart\heart (294).jpg,heart,test
data\raw\heart\heart (389).jpg,heart,test
data\raw\heart\heart (760).jpg,heart,test
data\raw\heart\heart (620).jpg,heart,test
data\raw\heart\heart (293).jpg,heart,test
data\raw\heart\heart (159).jpg,heart,test
data\raw\heart\heart (345).jpg,heart,test
data\raw\heart\heart (468).jpg,heart,test
data\raw\heart\heart (39).jpg,heart,test
data\raw\heart\heart (840).jpg,heart,test
data\raw\heart\heart (983).jpg,heart,test
data\raw\heart\heart (856).jpg,heart,test
data\raw\heart\heart (309).jpg,heart,test
data\raw\heart\heart (15).jpg,heart,test
data\raw\heart\heart (813).jpg,heart,test
data\raw\heart\heart (806).jpg,heart,test
data\raw\heart\heart (876).jpg,heart,test
data\raw\heart\heart (398).jpg,heart,test
data\raw\heart\heart (73).jpg,heart,test
data\raw\heart\heart (30).jpg,heart,test
data\raw\heart\heart (611).jpg,heart,test
data\raw\heart\heart (732).jpg,heart,test
data\raw\heart\heart (689).jpg,heart,test
data\raw\heart\heart (347).jpg,heart,test
data\raw\heart\heart (448).jpg,heart,test
data\raw\heart\heart (524).jpg,heart,test
data\raw\heart\heart (249).jpg,heart,test
data\raw\heart\heart (994).jpg,heart,test
data\raw\heart\heart (770).jpg,heart,test
data\raw\heart\heart (590).jpg,heart,test
data\raw\heart\heart (256).jpg,heart,test
data\raw\heart\heart (915).jpg,heart,test
data\raw\heart\heart (66).jpg,heart,test
data\raw\heart\heart (164).jpg,heart,test
data\raw\heart\heart (696).jpg,heart,test
data\raw\heart\heart (728).jpg,heart,test
data\raw\heart\heart (972).jpg,heart,test
data\raw\heart\heart (344).jpg,heart,test
data\raw\heart\heart (716).jpg,heart,test
data\raw\heart\heart (291).jpg,heart,test
data\raw\heart\heart (425).jpg,heart,test
data\raw\heart\heart (44).jpg,heart,test
data\raw\heart\heart (248).jpg,heart,test
data\raw\heart\heart (434).jpg,heart,test
data\raw\heart\heart (868).jpg,heart,test
data\raw\heart\heart (684).jpg,heart,test
data\raw\heart\heart (516).jpg,heart,test
data\raw\heart\heart (958).jpg,heart,test
data\raw\heart\heart (951).jpg,heart,test
data\raw\heart\heart (191).jpg,heart,test
data\raw\heart\heart (898).jpg,heart,test
data\raw\heart\heart (98).jpg,heart,test
data\raw\heart\heart (887).jpg,heart,test
data\raw\heart\heart (171).jpg,heart,test
data\raw\heart\heart (365).jpg,heart,test
data\raw\heart\heart (810).jpg,heart,test
data\raw\heart\heart (308).jpg,heart,test
data\raw\heart\heart (708).jpg,heart,test
data\raw\heart\heart (14).jpg,heart,test
data\raw\heart\heart (162).jpg,heart,test
data\raw\heart\heart (748).jpg,heart,test
data\raw\heart\heart (275).jpg,heart,test
data\raw\heart\heart (630).jpg,heart,test
data\raw\heart\heart (431).jpg,heart,test
data\raw\heart\heart (893).jpg,heart,test
data\raw\heart\heart (914).jpg,heart,test
data\raw\heart\heart (669).jpg,heart,test
data\raw\heart\heart (678).jpg,heart,test
data\raw\heart\heart (863).jpg,heart,test
data\raw\heart\heart (369).jpg,heart,test
data\raw\heart\heart (607).jpg,heart,test
data\raw\heart\heart (170).jpg,heart,test
data\raw\heart\heart (447).jpg,heart,test
data\raw\heart\heart (212).jpg,heart,test
data\raw\heart\heart (593).jpg,heart,test
data\raw\heart\heart (521).jpg,heart,test
data\raw\heart\heart (771).jpg,heart,test
data\raw\heart\heart (138).jpg,heart,test
data\raw\heart\heart (842).jpg,heart,test
data\raw\heart\heart (341).jpg,heart,test
data\raw\heart\heart (655).jpg,heart,test
data\raw\heart\heart (415).jpg,heart,test
data\raw\heart\heart (88).jpg,heart,test
data\raw\heart\heart (429).jpg,heart,test
data\raw\heart\heart (188).jpg,heart,test
data\raw\heart\heart (449).jpg,heart,test
data\raw\heart\heart (183).jpg,heart,test
data\raw\heart\heart (990).jpg,heart,test
data\raw\heart\heart (408).jpg,heart,test
data\raw\heart\heart (801).jpg,heart,test
data\raw\heart\heart (297).jpg,heart,test
data\raw\heart\heart (241).jpg,heart,test
data\raw\heart\heart (967).jpg,heart,test
data\raw\heart\heart (411).jpg,heart,test
data\raw\heart\heart (984).jpg,heart,test
data\raw\heart\heart (741).jpg,heart,test
data\raw\heart\heart (245).jpg,heart,test
data\raw\heart\heart (841).jpg,heart,test
data\raw\heart\heart (799).jpg,heart,test
data\raw\heart\heart (103).jpg,heart,test
data\raw\heart\heart (90).jpg,heart,test
data\raw\heart\heart (844).jpg,heart,test
data\raw\heart\heart (354).jpg,heart,test
data\raw\heart\heart (641).jpg,heart,test
data\raw\heart\heart (511).jpg,heart,test
data\raw\heart\heart (300).jpg,heart,test
data\raw\heart\heart (485).jpg,heart,test
data\raw\heart\heart (987).jpg,heart,test
data\raw\heart\heart (745).jpg,heart,test
data\raw\heart\heart (698).jpg,heart,test
data\raw\heart\heart (759).jpg,heart,test
data\raw\heart\heart (281).jpg,heart,test
data\raw\heart\heart (615).jpg,heart,test
data\raw\heart\heart (122).jpg,heart,test
data\raw\heart\heart (653).jpg,heart,test
data\raw\heart\heart (564).jpg,heart,test
data\raw\heart\heart (312).jpg,heart,test
data\raw\heart\heart (3).jpg,heart,test
data\raw\heart\heart (184).jpg,heart,test
data\raw\heart\heart (125).jpg,heart,test
data\raw\heart\heart (127).jpg,heart,test
data\raw\heart\heart (488).jpg,heart,test
data\raw\heart\heart (642).jpg,heart,test
data\raw\heart\heart (179).jpg,heart,train
data\raw\heart\heart (600).jpg,heart,test
data\raw\heart\heart (920).jpg,heart,test
data\raw\heart\heart (781).jpg,heart,test
data\raw\heart\heart (721).jpg,heart,test
data\raw\heart\heart (192).jpg,heart,test
data\raw\heart\heart (778).jpg,heart,test
data\raw\heart\heart (226).jpg,heart,test
data\raw\heart\heart (303).jpg,heart,test
data\raw\heart\heart (323).jpg,heart,test
data\raw\heart\heart (351).jpg,heart,test
data\raw\heart\heart (782).jpg,heart,test
data\raw\heart\heart (120).jpg,heart,test
data\raw\heart\heart (200).jpg,heart,test
data\raw\heart\heart (688).jpg,heart,test
data\raw\oblong\oblong (644).jpg,oblong,train
data\raw\oblong\oblong (998).jpg,oblong,train
data\raw\oblong\oblong (522).jpg,oblong,train
data\raw\oblong\oblong (728).jpg,oblong,train
data\raw\oblong\oblong (73).jpg,oblong,train
data\raw\oblong\oblong (180).jpg,oblong,train
data\raw\oblong\oblong (669).jpg,oblong,train
data\raw\oblong\oblong (151).jpg,oblong,train
data\raw\oblong\oblong (28).jpg,oblong,train
data\raw\oblong\oblong (387).jpg,oblong,train
data\raw\oblong\oblong (510).jpg,oblong,train
data\raw\oblong\oblong (547).jpg,oblong,train
data\raw\oblong\oblong (537).jpg,oblong,train
data\raw\oblong\oblong (417).jpg,oblong,train
data\raw\oblong\oblong (897).jpg,oblong,train
data\raw\oblong\oblong (173).jpg,oblong,train
data\raw\oblong\oblong (37).jpg,oblong,train
data\raw\oblong\oblong (284).jpg,oblong,train
data\raw\oblong\oblong (178).jpg,oblong,train
data\raw\oblong\oblong (880).jpg,oblong,train
data\raw\oblong\oblong (509).jpg,oblong,train
data\raw\oblong\oblong (798).jpg,oblong,train
data\raw\oblong\oblong (882).jpg,oblong,train
data\raw\oblong\oblong (380).jpg,oblong,train
data\raw\oblong\oblong (1).jpg,oblong,train
data\raw\oblong\oblong (702).jpg,oblong,train
data\raw\oblong\oblong (472).jpg,oblong,train
data\raw\oblong\oblong (459).jpg,oblong,train
data\raw\oblong\oblong (875).jpg,oblong,train
data\raw\oblong\oblong (591).jpg,oblong,train
data\raw\oblong\oblong (712).jpg,oblong,train
data\raw\oblong\oblong (932).jpg,oblong,train
data\raw\oblong\oblong (209).jpg,oblong,train
data\raw\oblong\oblong (954).jpg,oblong,train
data\raw\oblong\oblong (825).jpg,oblong,train
data\raw\oblong\oblong (258).jpg,oblong,train
data\raw\oblong\oblong (744).jpg,oblong,train
data\raw\oblong\oblong (199).jpg,oblong,train
data\raw\oblong\oblong (326).jpg,oblong,train
data\raw\oblong\oblong (360).jpg,oblong,train
data\raw\oblong\oblong (104).jpg,oblong,train
data\raw\oblong\oblong (262).jpg,oblong,train
data\raw\oblong\oblong (103).jpg,oblong,train
data\raw\oblong\oblong (955).jpg,oblong,train
data\raw\oblong\oblong (171).jpg,oblong,train
data\raw\oblong\oblong (908).jpg,oblong,train
data\raw\oblong\oblong (905).jpg,oblong,train
data\raw\oblong\oblong (722).jpg,oblong,train
data\raw\oblong\oblong (436).jpg,oblong,train
data\raw\oblong\oblong (686).jpg,oblong,train
data\raw\oblong\oblong (221).jpg,oblong,train
data\raw\oblong\oblong (587).jpg,oblong,train
data\raw\oblong\oblong (564).jpg,oblong,train
data\raw\oblong\oblong (827).jpg,oblong,train
data\raw\oblong\oblong (550).jpg,oblong,train
data\raw\oblong\oblong (245).jpg,oblong,train
data\raw\oblong\oblong (928).jpg,oblong,train
data\raw\oblong\oblong (127).jpg,oblong,train
data\raw\oblong\oblong (70).jpg,oblong,train
data\raw\oblong\oblong (365).jpg,oblong,train
data\raw\oblong\oblong (61).jpg,oblong,train
data\raw\oblong\oblong (536).jpg,oblong,train
data\raw\oblong\oblong (842).jpg,oblong,train
data\raw\oblong\oblong (616).jpg,oblong,train
data\raw\oblong\oblong (624).jpg,oblong,train
data\raw\oblong\oblong (216).jpg,oblong,train
data\raw\oblong\oblong (339).jpg,oblong,train
data\raw\oblong\oblong (623).jpg,oblong,train
data\raw\oblong\oblong (165).jpg,oblong,train
data\raw\oblong\oblong (16).jpg,oblong,train
data\raw\oblong\oblong (412).jpg,oblong,train
data\raw\oblong\oblong (766).jpg,oblong,train
data\raw\oblong\oblong (963).jpg,oblong,train
data\raw\oblong\oblong (608).jpg,oblong,train
data\raw\oblong\oblong (896).jpg,oblong,train
data\raw\oblong\oblong (903).jpg,oblong,train
data\raw\oblong\oblong (869).jpg,oblong,train
data\raw\oblong\oblong (102).jpg,oblong,train
data\raw\oblong\oblong (488).jpg,oblong,train
data\raw\oblong\oblong (651).jpg,oblong,train
data\raw\oblong\oblong (358).jpg,oblong,train
data\raw\oblong\oblong (193).jpg,oblong,train
data\raw\oblong\oblong (320).jpg,oblong,train
data\raw\oblong\oblong (186).jpg,oblong,train
data\raw\oblong\oblong (252).jpg,oblong,train
data\raw\oblong\oblong (770).jpg,oblong,train
data\raw\oblong\oblong (208).jpg,oblong,train
data\raw\oblong\oblong (300).jpg,oblong,train
data\raw\oblong\oblong (191).jpg,oblong,train
data\raw\oblong\oblong (602).jpg,oblong,train
data\raw\oblong\oblong (101).jpg,oblong,train
data\raw\oblong\oblong (493).jpg,oblong,train
data\raw\oblong\oblong (160).jpg,oblong,train
data\raw\oblong\oblong (614).jpg,oblong,train
data\raw\oblong\oblong (109).jpg,oblong,train
data\raw\oblong\oblong (308).jpg,oblong,train
data\raw\oblong\oblong (781).jpg,oblong,train
data\raw\oblong\oblong (541).jpg,oblong,train
data\raw\oblong\oblong (876).jpg,oblong,train
data\raw\oblong\oblong (863).jpg,oblong,train
data\raw\oblong\oblong (939).jpg,oblong,train
data\raw\oblong\oblong (782).jpg,oblong,train
data\raw\oblong\oblong (52).jpg,oblong,train
data\raw\oblong\oblong (325).jpg,oblong,train
data\raw\oblong\oblong (122).jpg,oblong,train
data\raw\oblong\oblong (263).jpg,oblong,train
data\raw\oblong\oblong (303).jpg,oblong,train
data\raw\oblong\oblong (844).jpg,oblong,train
data\raw\oblong\oblong (919).jpg,oblong,train
data\raw\oblong\oblong (410).jpg,oblong,train
data\raw\oblong\oblong (406).jpg,oblong,train
data\raw\oblong\oblong (654).jpg,oblong,train
data\raw\oblong\oblong (813).jpg,oblong,train
data\raw\oblong\oblong (471).jpg,oblong,train
data\raw\oblong\oblong (108).jpg,oblong,train
data\raw\oblong\oblong (159).jpg,oblong,train
data\raw\oblong\oblong (494).jpg,oblong,train
data\raw\oblong\oblong (461).jpg,oblong,train
data\raw\oblong\oblong (267).jpg,oblong,train
data\raw\oblong\oblong (194).jpg,oblong,train
data\raw\oblong\oblong (236).jpg,oblong,train
data\raw\oblong\oblong (427).jpg,oblong,train
data\raw\oblong\oblong (958).jpg,oblong,train
data\raw\oblong\oblong (455).jpg,oblong,train
data\raw\oblong\oblong (136).jpg,oblong,train
data\raw\oblong\oblong (756).jpg,oblong,train
data\raw\oblong\oblong (862).jpg,oblong,train
data\raw\oblong\oblong (185).jpg,oblong,train
data\raw\oblong\oblong (217).jpg,oblong,train
data\raw\oblong\oblong (279).jpg,oblong,train
data\raw\oblong\oblong (713).jpg,oblong,train
data\raw\oblong\oblong (989).jpg,oblong,train
data\raw\oblong\oblong (408).jpg,oblong,train
data\raw\oblong\oblong (804).jpg,oblong,train
data\raw\oblong\oblong (442).jpg,oblong,train
data\raw\oblong\oblong (116).jpg,oblong,train
data\raw\oblong\oblong (388).jpg,oblong,train
data\raw\oblong\oblong (253).jpg,oblong,train
data\raw\oblong\oblong (520).jpg,oblong,train
data\raw\oblong\oblong (732).jpg,oblong,train
data\raw\oblong\oblong (420).jpg,oblong,train
data\raw\oblong\oblong (12).jpg,oblong,train
data\raw\oblong\oblong (174).jpg,oblong,train
data\raw\oblong\oblong (565).jpg,oblong,train
data\raw\oblong\oblong (976).jpg,oblong,train
data\raw\oblong\oblong (745).jpg,oblong,train
data\raw\oblong\oblong (176).jpg,oblong,train
data\raw\oblong\oblong (38).jpg,oblong,train
data\raw\oblong\oblong (617).jpg,oblong,train
data\raw\oblong\oblong (413).jpg,oblong,train
data\raw\oblong\oblong (895).jpg,oblong,train
data\raw\oblong\oblong (59).jpg,oblong,train
data\raw\oblong\oblong (635).jpg,oblong,train
data\raw\oblong\oblong (574).jpg,oblong,train
data\raw\oblong\oblong (57).jpg,oblong,train
data\raw\oblong\oblong (239).jpg,oblong,train
data\raw\oblong\oblong (772).jpg,oblong,train
data\raw\oblong\oblong (155).jpg,oblong,train
data\raw\oblong\oblong (256).jpg,oblong,train
data\raw\oblong\oblong (848).jpg,oblong,train
data\raw\oblong\oblong (913).jpg,oblong,train
data\raw\oblong\oblong (5).jpg,oblong,train
data\raw\oblong\oblong (719).jpg,oblong,train
data\raw\oblong\oblong (54).jpg,oblong,train
data\raw\oblong\oblong (345).jpg,oblong,train
data\raw\oblong\oblong (821).jpg,oblong,train
data\raw\oblong\oblong (714).jpg,oblong,train
data\raw\oblong\oblong (584).jpg,oblong,train
data\raw\oblong\oblong (207).jpg,oblong,train
data\raw\oblong\oblong (761).jpg,oblong,train
data\raw\oblong\oblong (717).jpg,oblong,train
data\raw\oblong\oblong (683).jpg,oblong,train
data\raw\oblong\oblong (39).jpg,oblong,train
data\raw\oblong\oblong (927).jpg,oblong,train
data\raw\oblong\oblong (885).jpg,oblong,train
data\raw\oblong\oblong (640).jpg,oblong,train
data\raw\oblong\oblong (225).jpg,oblong,train
data\raw\oblong\oblong (292).jpg,oblong,train
data\raw\oblong\oblong (663).jpg,oblong,train
data\raw\oblong\oblong (187).jpg,oblong,train
data\raw\oblong\oblong (458).jpg,oblong,train
data\raw\oblong\oblong (811).jpg,oblong,train
data\raw\oblong\oblong (972).jpg,oblong,train
data\raw\oblong\oblong (376).jpg,oblong,train
data\raw\oblong\oblong (58).jpg,oblong,train
data\raw\oblong\oblong (678).jpg,oblong,train
data\raw\oblong\oblong (977).jpg,oblong,train
data\raw\oblong\oblong (183).jpg,oblong,train
data\raw\oblong\oblong (275).jpg,oblong,train
data\raw\oblong\oblong (612).jpg,oblong,train
data\raw\oblong\oblong (637).jpg,oblong,train
data\raw\oblong\oblong (347).jpg,oblong,train
data\raw\oblong\oblong (80).jpg,oblong,train
data\raw\oblong\oblong (114).jpg,oblong,train
data\raw\oblong\oblong (783).jpg,oblong,train
data\raw\oblong\oblong (890).jpg,oblong,train
data\raw\oblong\oblong (515).jpg,oblong,train
data\raw\oblong\oblong (578).jpg,oblong,train
data\raw\oblong\oblong (467).jpg,oblong,train
data\raw\oblong\oblong (649).jpg,oblong,train
data\raw\oblong\oblong (978).jpg,oblong,train
data\raw\oblong\oblong (328).jpg,oblong,train
data\raw\oblong\oblong (845).jpg,oblong,train
data\raw\oblong\oblong (113).jpg,oblong,train
data\raw\oblong\oblong (79).jpg,oblong,train
data\raw\oblong\oblong (620).jpg,oblong,train
data\raw\oblong\oblong (820).jpg,oblong,train
data\raw\oblong\oblong (893).jpg,oblong,train
data\raw\oblong\oblong (763).jpg,oblong,train
data\raw\oblong\oblong (402).jpg,oblong,train
data\raw\oblong\oblong (43).jpg,oblong,train
data\raw\oblong\oblong (88).jpg,oblong,train
data\raw\oblong\oblong (794).jpg,oblong,train
data\raw\oblong\oblong (586).jpg,oblong,train
data\raw\oblong\oblong (445).jpg,oblong,train
data\raw\oblong\oblong (82).jpg,oblong,train
data\raw\oblong\oblong (902).jpg,oblong,train
data\raw\oblong\oblong (648).jpg,oblong,train
data\raw\oblong\oblong (800).jpg,oblong,train
data\raw\oblong\oblong (618).jpg,oblong,train
data\raw\oblong\oblong (639).jpg,oblong,train
data\raw\oblong\oblong (348).jpg,oblong,train
data\raw\oblong\oblong (276).jpg,oblong,train
data\raw\oblong\oblong (337).jpg,oblong,train
data\raw\oblong\oblong (77).jpg,oblong,train
data\raw\oblong\oblong (366).jpg,oblong,train
data\raw\oblong\oblong (528).jpg,oblong,train
data\raw\oblong\oblong (705).jpg,oblong,train
data\raw\oblong\oblong (949).jpg,oblong,train
data\raw\oblong\oblong (652).jpg,oblong,train
data\raw\oblong\oblong (795).jpg,oblong,train
data\raw\oblong\oblong (506).jpg,oblong,train
data\raw\oblong\oblong (559).jpg,oblong,train
data\raw\oblong\oblong (310).jpg,oblong,train
data\raw\oblong\oblong (500).jpg,oblong,train
data\raw\oblong\oblong (152).jpg,oblong,train
data\raw\oblong\oblong (710).jpg,oblong,train
data\raw\oblong\oblong (868).jpg,oblong,train
data\raw\oblong\oblong (247).jpg,oblong,train
data\raw\oblong\oblong (287).jpg,oblong,train
data\raw\oblong\oblong (266).jpg,oblong,train
data\raw\oblong\oblong (479).jpg,oblong,train
data\raw\oblong\oblong (361).jpg,oblong,train
data\raw\oblong\oblong (277).jpg,oblong,train
data\raw\oblong\oblong (495).jpg,oblong,train
data\raw\oblong\oblong (473).jpg,oblong,train
data\raw\oblong\oblong (985).jpg,oblong,train
data\raw\oblong\oblong (723).jpg,oblong,train
data\raw\oblong\oblong (74).jpg,oblong,train
data\raw\oblong\oblong (854).jpg,oblong,train
data\raw\oblong\oblong (529).jpg,oblong,train
data\raw\oblong\oblong (115).jpg,oblong,train
data\raw\oblong\oblong (664).jpg,oblong,train
data\raw\oblong\oblong (278).jpg,oblong,train
data\raw\oblong\oblong (175).jpg,oblong,train
data\raw\oblong\oblong (832).jpg,oblong,train
data\raw\oblong\oblong (423).jpg,oblong,train
data\raw\oblong\oblong (679).jpg,oblong,train
data\raw\oblong\oblong (703).jpg,oblong,train
data\raw\oblong\oblong (874).jpg,oblong,train
data\raw\oblong\oblong (415).jpg,oblong,train
data\raw\oblong\oblong (336).jpg,oblong,train
data\raw\oblong\oblong (967).jpg,oblong,train
data\raw\oblong\oblong (147).jpg,oblong,train
data\raw\oblong\oblong (715).jpg,oblong,train
data\raw\oblong\oblong (139).jpg,oblong,train
data\raw\oblong\oblong (786).jpg,oblong,train
data\raw\oblong\oblong (656).jpg,oblong,train
data\raw\oblong\oblong (177).jpg,oblong,train
data\raw\oblong\oblong (653).jpg,oblong,train
data\raw\oblong\oblong (107).jpg,oblong,train
data\raw\oblong\oblong (925).jpg,oblong,train
data\raw\oblong\oblong (384).jpg,oblong,train
data\raw\oblong\oblong (840).jpg,oblong,train
data\raw\oblong\oblong (290).jpg,oblong,train
data\raw\oblong\oblong (285).jpg,oblong,train
data\raw\oblong\oblong (610).jpg,oblong,train
data\raw\oblong\oblong (484).jpg,oblong,train
data\raw\oblong\oblong (133).jpg,oblong,train
data\raw\oblong\oblong (751).jpg,oblong,train
data\raw\oblong\oblong (711).jpg,oblong,train
data\raw\oblong\oblong (3).jpg,oblong,train
data\raw\oblong\oblong (883).jpg,oblong,train
data\raw\oblong\oblong (699).jpg,oblong,train
data\raw\oblong\oblong (755).jpg,oblong,train
data\raw\oblong\oblong (460).jpg,oblong,train
data\raw\oblong\oblong (866).jpg,oblong,train
data\raw\oblong\oblong (573).jpg,oblong,train
data\raw\oblong\oblong (962).jpg,oblong,train
data\raw\oblong\oblong (968).jpg,oblong,train
data\raw\oblong\oblong (592).jpg,oblong,train
data\raw\oblong\oblong (95).jpg,oblong,train
data\raw\oblong\oblong (179).jpg,oblong,train
data\raw\oblong\oblong (382).jpg,oblong,train
data\raw\oblong\oblong (327).jpg,oblong,train
data\raw\oblong\oblong (372).jpg,oblong,train
data\raw\oblong\oblong (964).jpg,oblong,train
data\raw\oblong\oblong (249).jpg,oblong,train
data\raw\oblong\oblong (575).jpg,oblong,train
data\raw\oblong\oblong (482).jpg,oblong,train
data\raw\oblong\oblong (582).jpg,oblong,train
data\raw\oblong\oblong (76).jpg,oblong,train
data\raw\oblong\oblong (540).jpg,oblong,train
data\raw\oblong\oblong (192).jpg,oblong,train
data\raw\oblong\oblong (42).jpg,oblong,train
data\raw\oblong\oblong (123).jpg,oblong,train
data\raw\oblong\oblong (975).jpg,oblong,train
data\raw\oblong\oblong (571).jpg,oblong,train
data\raw\oblong\oblong (119).jpg,oblong,train
data\raw\oblong\oblong (843).jpg,oblong,train
data\raw\oblong\oblong (340).jpg,oblong,train
data\raw\oblong\oblong (585).jpg,oblong,train
data\raw\oblong\oblong (946).jpg,oblong,train
data\raw\oblong\oblong (966).jpg,oblong,train
data\raw\oblong\oblong (149).jpg,oblong,train
data\raw\oblong\oblong (952).jpg,oblong,train
data\raw\oblong\oblong (257).jpg,oblong,train
data\raw\oblong\oblong (634).jpg,oblong,train
data\raw\oblong\oblong (554).jpg,oblong,train
data\raw\oblong\oblong (546).jpg,oblong,train
data\raw\oblong\oblong (393).jpg,oblong,train
data\raw\oblong\oblong (535).jpg,oblong,train
data\raw\oblong\oblong (392).jpg,oblong,train
data\raw\oblong\oblong (378).jpg,oblong,train
data\raw\oblong\oblong (321).jpg,oblong,train
data\raw\oblong\oblong (589).jpg,oblong,train
data\raw\oblong\oblong (691).jpg,oblong,train
data\raw\oblong\oblong (424).jpg,oblong,train
data\raw\oblong\oblong (525).jpg,oblong,train
data\raw\oblong\oblong (630).jpg,oblong,train
data\raw\oblong\oblong (671).jpg,oblong,train
data\raw\oblong\oblong (861).jpg,oblong,train
data\raw\oblong\oblong (448).jpg,oblong,train
data\raw\oblong\oblong (613).jpg,oblong,train
data\raw\oblong\oblong (773).jpg,oblong,train
data\raw\oblong\oblong (626).jpg,oblong,train
data\raw\oblong\oblong (36).jpg,oblong,train
data\raw\oblong\oblong (514).jpg,oblong,train
data\raw\oblong\oblong (453).jpg,oblong,train
data\raw\oblong\oblong (269).jpg,oblong,train
data\raw\oblong\oblong (724).jpg,oblong,train
data\raw\oblong\oblong (726).jpg,oblong,train
data\raw\oblong\oblong (974).jpg,oblong,train
data\raw\oblong\oblong (291).jpg,oblong,train
data\raw\oblong\oblong (877).jpg,oblong,train
data\raw\oblong\oblong (940).jpg,oblong,train
data\raw\oblong\oblong (511).jpg,oblong,train
data\raw\oblong\oblong (873).jpg,oblong,train
data\raw\oblong\oblong (538).jpg,oblong,train
data\raw\oblong\oblong (802).jpg,oblong,train
data\raw\oblong\oblong (986).jpg,oblong,train
data\raw\oblong\oblong (13).jpg,oblong,train
data\raw\oblong\oblong (549).jpg,oblong,train
data\raw\oblong\oblong (858).jpg,oblong,train
data\raw\oblong\oblong (818).jpg,oblong,train
data\raw\oblong\oblong (965).jpg,oblong,train
data\raw\oblong\oblong (425).jpg,oblong,train
data\raw\oblong\oblong (1000).jpg,oblong,train
data\raw\oblong\oblong (734).jpg,oblong,train
data\raw\oblong\oblong (492).jpg,oblong,train
data\raw\oblong\oblong (609).jpg,oblong,train
data\raw\oblong\oblong (758).jpg,oblong,train
data\raw\oblong\oblong (826).jpg,oblong,train
data\raw\oblong\oblong (643).jpg,oblong,train
data\raw\oblong\oblong (979).jpg,oblong,train
data\raw\oblong\oblong (220).jpg,oblong,train
data\raw\oblong\oblong (418).jpg,oblong,train
data\raw\oblong\oblong (447).jpg,oblong,train
data\raw\oblong\oblong (904).jpg,oblong,train
data\raw\oblong\oblong (11).jpg,oblong,train
data\raw\oblong\oblong (355).jpg,oblong,train
data\raw\oblong\oblong (539).jpg,oblong,train
data\raw\oblong\oblong (409).jpg,oblong,train
data\raw\oblong\oblong (757).jpg,oblong,train
data\raw\oblong\oblong (853).jpg,oblong,train
data\raw\oblong\oblong (924).jpg,oblong,train
data\raw\oblong\oblong (296).jpg,oblong,train
data\raw\oblong\oblong (201).jpg,oblong,train
data\raw\oblong\oblong (681).jpg,oblong,train
data\raw\oblong\oblong (226).jpg,oblong,train
data\raw\oblong\oblong (78).jpg,oblong,train
data\raw\oblong\oblong (268).jpg,oblong,train
data\raw\oblong\oblong (469).jpg,oblong,train
data\raw\oblong\oblong (662).jpg,oblong,train
data\raw\oblong\oblong (909).jpg,oblong,train
data\raw\oblong\oblong (200).jpg,oblong,train
data\raw\oblong\oblong (720).jpg,oblong,train
data\raw\oblong\oblong (579).jpg,oblong,train
data\raw\oblong\oblong (17).jpg,oblong,train
data\raw\oblong\oblong (196).jpg,oblong,train
data\raw\oblong\oblong (331).jpg,oblong,train
data\raw\oblong\oblong (898).jpg,oblong,train
data\raw\oblong\oblong (562).jpg,oblong,train
data\raw\oblong\oblong (260).jpg,oblong,train
data\raw\oblong\oblong (241).jpg,oblong,train
data\raw\oblong\oblong (375).jpg,oblong,train
data\raw\oblong\oblong (774).jpg,oblong,train
data\raw\oblong\oblong (570).jpg,oblong,train
data\raw\oblong\oblong (747).jpg,oblong,train
data\raw\oblong\oblong (293).jpg,oblong,train
data\raw\oblong\oblong (444).jpg,oblong,train
data\raw\oblong\oblong (483).jpg,oblong,train
data\raw\oblong\oblong (261).jpg,oblong,train
data\raw\oblong\oblong (778).jpg,oblong,train
data\raw\oblong\oblong (81).jpg,oblong,train
data\raw\oblong\oblong (407).jpg,oblong,train
data\raw\oblong\oblong (938).jpg,oblong,train
data\raw\oblong\oblong (466).jpg,oblong,train
data\raw\oblong\oblong (357).jpg,oblong,train
data\raw\oblong\oblong (736).jpg,oblong,train
data\raw\oblong\oblong (125).jpg,oblong,train
data\raw\oblong\oblong (916).jpg,oblong,train
data\raw\oblong\oblong (158).jpg,oblong,train
data\raw\oblong\oblong (27).jpg,oblong,train
data\raw\oblong\oblong (439).jpg,oblong,train
data\raw\oblong\oblong (441).jpg,oblong,train
data\raw\oblong\oblong (142).jpg,oblong,train
data\raw\oblong\oblong (580).jpg,oblong,train
data\raw\oblong\oblong (739).jpg,oblong,train
data\raw\oblong\oblong (137).jpg,oblong,train
data\raw\oblong\oblong (621).jpg,oblong,train
data\raw\oblong\oblong (721).jpg,oblong,train
data\raw\oblong\oblong (695).jpg,oblong,train
data\raw\oblong\oblong (631).jpg,oblong,train
data\raw\oblong\oblong (169).jpg,oblong,train
data\raw\oblong\oblong (270).jpg,oblong,train
data\raw\oblong\oblong (215).jpg,oblong,train
data\raw\oblong\oblong (807).jpg,oblong,train
data\raw\oblong\oblong (486).jpg,oblong,train
data\raw\oblong\oblong (857).jpg,oblong,train
data\raw\oblong\oblong (242).jpg,oblong,train
data\raw\oblong\oblong (141).jpg,oblong,train
data\raw\oblong\oblong (754).jpg,oblong,train
data\raw\oblong\oblong (581).jpg,oblong,train
data\raw\oblong\oblong (282).jpg,oblong,train
data\raw\oblong\oblong (823).jpg,oblong,train
data\raw\oblong\oblong (879).jpg,oblong,train
data\raw\oblong\oblong (254).jpg,oblong,train
data\raw\oblong\oblong (289).jpg,oblong,train
data\raw\oblong\oblong (957).jpg,oblong,train
data\raw\oblong\oblong (910).jpg,oblong,train
data\raw\oblong\oblong (600).jpg,oblong,train
data\raw\oblong\oblong (633).jpg,oblong,train
data\raw\oblong\oblong (697).jpg,oblong,train
data\raw\oblong\oblong (430).jpg,oblong,train
data\raw\oblong\oblong (881).jpg,oblong,train
data\raw\oblong\oblong (775).jpg,oblong,train
data\raw\oblong\oblong (399).jpg,oblong,train
data\raw\oblong\oblong (930).jpg,oblong,train
data\raw\oblong\oblong (491).jpg,oblong,train
data\raw\oblong\oblong (150).jpg,oblong,train
data\raw\oblong\oblong (421).jpg,oblong,train
data\raw\oblong\oblong (996).jpg,oblong,train
data\raw\oblong\oblong (912).jpg,oblong,train
data\raw\oblong\oblong (297).jpg,oblong,train
data\raw\oblong\oblong (693).jpg,oblong,train
data\raw\oblong\oblong (889).jpg,oblong,train
data\raw\oblong\oblong (791).jpg,oblong,train
data\raw\oblong\oblong (233).jpg,oblong,train
data\raw\oblong\oblong (563).jpg,oblong,train
data\raw\oblong\oblong (816).jpg,oblong,train
data\raw\oblong\oblong (83).jpg,oblong,train
data\raw\oblong\oblong (248).jpg,oblong,train
data\raw\oblong\oblong (943).jpg,oblong,train
data\raw\oblong\oblong (350).jpg,oblong,train
data\raw\oblong\oblong (368).jpg,oblong,train
data\raw\oblong\oblong (841).jpg,oblong,train
data\raw\oblong\oblong (386).jpg,oblong,train
data\raw\oblong\oblong (674).jpg,oblong,train
data\raw\oblong\oblong (627).jpg,oblong,train
data\raw\oblong\oblong (603).jpg,oblong,train
data\raw\oblong\oblong (707).jpg,oblong,train
data\raw\oblong\oblong (685).jpg,oblong,train
data\raw\oblong\oblong (901).jpg,oblong,train
data\raw\oblong\oblong (923).jpg,oblong,train
data\raw\oblong\oblong (512).jpg,oblong,train
data\raw\oblong\oblong (793).jpg,oblong,train
data\raw\oblong\oblong (302).jpg,oblong,train
data\raw\oblong\oblong (809).jpg,oblong,train
data\raw\oblong\oblong (426).jpg,oblong,train
data\raw\oblong\oblong (324).jpg,oblong,train
data\raw\oblong\oblong (619).jpg,oblong,train
data\raw\oblong\oblong (414).jpg,oblong,train
data\raw\oblong\oblong (295).jpg,oblong,train
data\raw\oblong\oblong (661).jpg,oblong,train
data\raw\oblong\oblong (489).jpg,oblong,train
data\raw\oblong\oblong (926).jpg,oblong,train
data\raw\oblong\oblong (126).jpg,oblong,train
data\raw\oblong\oblong (569).jpg,oblong,train
data\raw\oblong\oblong (805).jpg,oblong,train
data\raw\oblong\oblong (934).jpg,oblong,train
data\raw\oblong\oblong (237).jpg,oblong,train
data\raw\oblong\oblong (338).jpg,oblong,train
data\raw\oblong\oblong (900).jpg,oblong,train
data\raw\oblong\oblong (498).jpg,oblong,train
data\raw\oblong\oblong (760).jpg,oblong,train
data\raw\oblong\oblong (46).jpg,oblong,train
data\raw\oblong\oblong (433).jpg,oblong,train
data\raw\oblong\oblong (689).jpg,oblong,train
data\raw\oblong\oblong (961).jpg,oblong,train
data\raw\oblong\oblong (792).jpg,oblong,train
data\raw\oblong\oblong (20).jpg,oblong,train
data\raw\oblong\oblong (33).jpg,oblong,train
data\raw\oblong\oblong (960).jpg,oblong,train
data\raw\oblong\oblong (878).jpg,oblong,train
data\raw\oblong\oblong (371).jpg,oblong,train
data\raw\oblong\oblong (334).jpg,oblong,train
data\raw\oblong\oblong (915).jpg,oblong,train
data\raw\oblong\oblong (457).jpg,oblong,train
data\raw\oblong\oblong (304).jpg,oblong,train
data\raw\oblong\oblong (980).jpg,oblong,train
data\raw\oblong\oblong (157).jpg,oblong,train
data\raw\oblong\oblong (847).jpg,oblong,train
data\raw\oblong\oblong (487).jpg,oblong,train
data\raw\oblong\oblong (784).jpg,oblong,train
data\raw\oblong\oblong (146).jpg,oblong,train
data\raw\oblong\oblong (769).jpg,oblong,train
data\raw\oblong\oblong (884).jpg,oblong,train
data\raw\oblong\oblong (112).jpg,oblong,train
data\raw\oblong\oblong (888).jpg,oblong,train
data\raw\oblong\oblong (317).jpg,oblong,train
data\raw\oblong\oblong (428).jpg,oblong,train
data\raw\oblong\oblong (94).jpg,oblong,train
data\raw\oblong\oblong (667).jpg,oblong,train
data\raw\oblong\oblong (969).jpg,oblong,train
data\raw\oblong\oblong (2).jpg,oblong,train
data\raw\oblong\oblong (259).jpg,oblong,train
data\raw\oblong\oblong (871).jpg,oblong,train
data\raw\oblong\oblong (218).jpg,oblong,train
data\raw\oblong\oblong (831).jpg,oblong,train
data\raw\oblong\oblong (353).jpg,oblong,train
data\raw\oblong\oblong (819).jpg,oblong,train
data\raw\oblong\oblong (234).jpg,oblong,train
data\raw\oblong\oblong (762).jpg,oblong,train
data\raw\oblong\oblong (312).jpg,oblong,train
data\raw\oblong\oblong (298).jpg,oblong,train
data\raw\oblong\oblong (29).jpg,oblong,train
data\raw\oblong\oblong (753).jpg,oblong,train
data\raw\oblong\oblong (288).jpg,oblong,train
data\raw\oblong\oblong (213).jpg,oblong,train
data\raw\oblong\oblong (834).jpg,oblong,train
data\raw\oblong\oblong (906).jpg,oblong,train
data\raw\oblong\oblong (144).jpg,oblong,train
data\raw\oblong\oblong (929).jpg,oblong,train
data\raw\oblong\oblong (294).jpg,oblong,train
data\raw\oblong\oblong (91).jpg,oblong,train
data\raw\oblong\oblong (914).jpg,oblong,train
data\raw\oblong\oblong (210).jpg,oblong,train
data\raw\oblong\oblong (677).jpg,oblong,train
data\raw\oblong\oblong (981).jpg,oblong,train
data\raw\oblong\oblong (765).jpg,oblong,train
data\raw\oblong\oblong (154).jpg,oblong,train
data\raw\oblong\oblong (692).jpg,oblong,train
data\raw\oblong\oblong (437).jpg,oblong,train
data\raw\oblong\oblong (806).jpg,oblong,train
data\raw\oblong\oblong (432).jpg,oblong,train
data\raw\oblong\oblong (315).jpg,oblong,train
data\raw\oblong\oblong (508).jpg,oblong,train
data\raw\oblong\oblong (983).jpg,oblong,train
data\raw\oblong\oblong (299).jpg,oblong,train
data\raw\oblong\oblong (645).jpg,oblong,train
data\raw\oblong\oblong (993).jpg,oblong,train
data\raw\oblong\oblong (356).jpg,oblong,train
data\raw\oblong\oblong (85).jpg,oblong,train
data\raw\oblong\oblong (812).jpg,oblong,train
data\raw\oblong\oblong (19).jpg,oblong,train
data\raw\oblong\oblong (822).jpg,oblong,train
data\raw\oblong\oblong (771).jpg,oblong,train
data\raw\oblong\oblong (485).jpg,oblong,train
data\raw\oblong\oblong (597).jpg,oblong,train
data\raw\oblong\oblong (44).jpg,oblong,train
data\raw\oblong\oblong (987).jpg,oblong,train
data\raw\oblong\oblong (456).jpg,oblong,train
data\raw\oblong\oblong (222).jpg,oblong,train
data\raw\oblong\oblong (594).jpg,oblong,train
data\raw\oblong\oblong (855).jpg,oblong,train
data\raw\oblong\oblong (767).jpg,oblong,train
data\raw\oblong\oblong (887).jpg,oblong,train
data\raw\oblong\oblong (552).jpg,oblong,train
data\raw\oblong\oblong (951).jpg,oblong,train
data\raw\oblong\oblong (132).jpg,oblong,train
data\raw\oblong\oblong (14).jpg,oblong,train
data\raw\oblong\oblong (227).jpg,oblong,train
data\raw\oblong\oblong (205).jpg,oblong,train
data\raw\oblong\oblong (907).jpg,oblong,train
data\raw\oblong\oblong (788).jpg,oblong,train
data\raw\oblong\oblong (526).jpg,oblong,train
data\raw\oblong\oblong (156).jpg,oblong,train
data\raw\oblong\oblong (301).jpg,oblong,train
data\raw\oblong\oblong (40).jpg,oblong,train
data\raw\oblong\oblong (615).jpg,oblong,train
data\raw\oblong\oblong (120).jpg,oblong,train
data\raw\oblong\oblong (532).jpg,oblong,train
data\raw\oblong\oblong (797).jpg,oblong,train
data\raw\oblong\oblong (198).jpg,oblong,train
data\raw\oblong\oblong (440).jpg,oblong,train
data\raw\oblong\oblong (694).jpg,oblong,train
data\raw\oblong\oblong (34).jpg,oblong,train
data\raw\oblong\oblong (438).jpg,oblong,train
data\raw\oblong\oblong (988).jpg,oblong,train
data\raw\oblong\oblong (211).jpg,oblong,train
data\raw\oblong\oblong (593).jpg,oblong,train
data\raw\oblong\oblong (982).jpg,oblong,train
data\raw\oblong\oblong (851).jpg,oblong,train
data\raw\oblong\oblong (462).jpg,oblong,train
data\raw\oblong\oblong (666).jpg,oblong,train
data\raw\oblong\oblong (659).jpg,oblong,train
data\raw\oblong\oblong (611).jpg,oblong,train
data\raw\oblong\oblong (464).jpg,oblong,train
data\raw\oblong\oblong (306).jpg,oblong,train
data\raw\oblong\oblong (228).jpg,oblong,train
data\raw\oblong\oblong (168).jpg,oblong,train
data\raw\oblong\oblong (953).jpg,oblong,train
data\raw\oblong\oblong (973).jpg,oblong,train
data\raw\oblong\oblong (817).jpg,oblong,train
data\raw\oblong\oblong (665).jpg,oblong,train
data\raw\oblong\oblong (542).jpg,oblong,train
data\raw\oblong\oblong (335).jpg,oblong,train
data\raw\oblong\oblong (25).jpg,oblong,train
data\raw\oblong\oblong (838).jpg,oblong,train
data\raw\oblong\oblong (560).jpg,oblong,train
data\raw\oblong\oblong (730).jpg,oblong,train
data\raw\oblong\oblong (435).jpg,oblong,train
data\raw\oblong\oblong (947).jpg,oblong,train
data\raw\oblong\oblong (22).jpg,oblong,train
data\raw\oblong\oblong (283).jpg,oblong,train
data\raw\oblong\oblong (725).jpg,oblong,train
data\raw\oblong\oblong (837).jpg,oblong,train
data\raw\oblong\oblong (4).jpg,oblong,train
data\raw\oblong\oblong (69).jpg,oblong,train
data\raw\oblong\oblong (748).jpg,oblong,train
data\raw\oblong\oblong (865).jpg,oblong,train
data\raw\oblong\oblong (434).jpg,oblong,train
data\raw\oblong\oblong (814).jpg,oblong,train
data\raw\oblong\oblong (129).jpg,oblong,train
data\raw\oblong\oblong (504).jpg,oblong,train
data\raw\oblong\oblong (383).jpg,oblong,train
data\raw\oblong\oblong (942).jpg,oblong,train
data\raw\oblong\oblong (188).jpg,oblong,train
data\raw\oblong\oblong (224).jpg,oblong,train
data\raw\oblong\oblong (700).jpg,oblong,train
data\raw\oblong\oblong (670).jpg,oblong,train
data\raw\oblong\oblong (273).jpg,oblong,train
data\raw\oblong\oblong (30).jpg,oblong,train
data\raw\oblong\oblong (422).jpg,oblong,train
data\raw\oblong\oblong (658).jpg,oblong,train
data\raw\oblong\oblong (31).jpg,oblong,train
data\raw\oblong\oblong (362).jpg,oblong,train
data\raw\oblong\oblong (556).jpg,oblong,train
data\raw\oblong\oblong (657).jpg,oblong,train
data\raw\oblong\oblong (143).jpg,oblong,train
data\raw\oblong\oblong (750).jpg,oblong,train
data\raw\oblong\oblong (105).jpg,oblong,train
data\raw\oblong\oblong (351).jpg,oblong,train
data\raw\oblong\oblong (463).jpg,oblong,train
data\raw\oblong\oblong (118).jpg,oblong,train
data\raw\oblong\oblong (690).jpg,oblong,train
data\raw\oblong\oblong (370).jpg,oblong,train
data\raw\oblong\oblong (628).jpg,oblong,train
data\raw\oblong\oblong (735).jpg,oblong,train
data\raw\oblong\oblong (799).jpg,oblong,train
data\raw\oblong\oblong (790).jpg,oblong,train
data\raw\oblong\oblong (316).jpg,oblong,train
data\raw\oblong\oblong (197).jpg,oblong,train
data\raw\oblong\oblong (836).jpg,oblong,train
data\raw\oblong\oblong (452).jpg,oblong,train
data\raw\oblong\oblong (281).jpg,oblong,train
data\raw\oblong\oblong (377).jpg,oblong,train
data\raw\oblong\oblong (777).jpg,oblong,train
data\raw\oblong\oblong (937).jpg,oblong,train
data\raw\oblong\oblong (49).jpg,oblong,train
data\raw\oblong\oblong (688).jpg,oblong,train
data\raw\oblong\oblong (740).jpg,oblong,train
data\raw\oblong\oblong (815).jpg,oblong,train
data\raw\oblong\oblong (808).jpg,oblong,train
data\raw\oblong\oblong (870).jpg,oblong,train
data\raw\oblong\oblong (166).jpg,oblong,train
data\raw\oblong\oblong (243).jpg,oblong,train
data\raw\oblong\oblong (601).jpg,oblong,train
data\raw\oblong\oblong (990).jpg,oblong,train
data\raw\oblong\oblong (527).jpg,oblong,train
data\raw\oblong\oblong (106).jpg,oblong,train
data\raw\oblong\oblong (333).jpg,oblong,train
data\raw\oblong\oblong (521).jpg,oblong,train
data\raw\oblong\oblong (332).jpg,oblong,train
data\raw\oblong\oblong (687).jpg,oblong,train
data\raw\oblong\oblong (846).jpg,oblong,train
data\raw\oblong\oblong (992).jpg,oblong,train
data\raw\oblong\oblong (23).jpg,oblong,train
data\raw\oblong\oblong (636).jpg,oblong,train
data\raw\oblong\oblong (557).jpg,oblong,train
data\raw\oblong\oblong (32).jpg,oblong,train
data\raw\oblong\oblong (67).jpg,oblong,train
data\raw\oblong\oblong (450).jpg,oblong,train
data\raw\oblong\oblong (660).jpg,oblong,train
data\raw\oblong\oblong (170).jpg,oblong,train
data\raw\oblong\oblong (920).jpg,oblong,train
data\raw\oblong\oblong (255).jpg,oblong,train
data\raw\oblong\oblong (264).jpg,oblong,train
data\raw\oblong\oblong (727).jpg,oblong,train
data\raw\oblong\oblong (62).jpg,oblong,val
data\raw\oblong\oblong (90).jpg,oblong,val
data\raw\oblong\oblong (588).jpg,oblong,val
data\raw\oblong\oblong (323).jpg,oblong,val
data\raw\oblong\oblong (232).jpg,oblong,val
data\raw\oblong\oblong (496).jpg,oblong,val
data\raw\oblong\oblong (443).jpg,oblong,val
data\raw\oblong\oblong (429).jpg,oblong,val
data\raw\oblong\oblong (369).jpg,oblong,val
data\raw\oblong\oblong (15).jpg,oblong,val
data\raw\oblong\oblong (398).jpg,oblong,val
data\raw\oblong\oblong (140).jpg,oblong,val
data\raw\oblong\oblong (86).jpg,oblong,val
data\raw\oblong\oblong (374).jpg,oblong,val
data\raw\oblong\oblong (9).jpg,oblong,val
data\raw\oblong\oblong (251).jpg,oblong,val
data\raw\oblong\oblong (507).jpg,oblong,val
data\raw\oblong\oblong (779).jpg,oblong,val
data\raw\oblong\oblong (682).jpg,oblong,val
data\raw\oblong\oblong (189).jpg,oblong,val
data\raw\oblong\oblong (499).jpg,oblong,val
data\raw\oblong\oblong (181).jpg,oblong,val
data\raw\oblong\oblong (307).jpg,oblong,val
data\raw\oblong\oblong (864).jpg,oblong,val
data\raw\oblong\oblong (729).jpg,oblong,val
data\raw\oblong\oblong (680).jpg,oblong,val
data\raw\oblong\oblong (314).jpg,oblong,val
data\raw\oblong\oblong (161).jpg,oblong,val
data\raw\oblong\oblong (668).jpg,oblong,val
data\raw\oblong\oblong (130).jpg,oblong,val
data\raw\oblong\oblong (598).jpg,oblong,val
data\raw\oblong\oblong (548).jpg,oblong,val
data\raw\oblong\oblong (676).jpg,oblong,val
data\raw\oblong\oblong (390).jpg,oblong,val
data\raw\oblong\oblong (449).jpg,oblong,val
data\raw\oblong\oblong (590).jpg,oblong,val
data\raw\oblong\oblong (933).jpg,oblong,val
data\raw\oblong\oblong (400).jpg,oblong,val
data\raw\oblong\oblong (944).jpg,oblong,val
data\raw\oblong\oblong (698).jpg,oblong,val
data\raw\oblong\oblong (465).jpg,oblong,val
data\raw\oblong\oblong (737).jpg,oblong,val
data\raw\oblong\oblong (673).jpg,oblong,val
data\raw\oblong\oblong (41).jpg,oblong,val
data\raw\oblong\oblong (342).jpg,oblong,val
data\raw\oblong\oblong (530).jpg,oblong,val
data\raw\oblong\oblong (167).jpg,oblong,val
data\raw\oblong\oblong (240).jpg,oblong,val
data\raw\oblong\oblong (701).jpg,oblong,val
data\raw\oblong\oblong (476).jpg,oblong,val
data\raw\oblong\oblong (230).jpg,oblong,val
data\raw\oblong\oblong (764).jpg,oblong,val
data\raw\oblong\oblong (111).jpg,oblong,val
data\raw\oblong\oblong (833).jpg,oblong,val
data\raw\oblong\oblong (583).jpg,oblong,val
data\raw\oblong\oblong (780).jpg,oblong,val
data\raw\oblong\oblong (503).jpg,oblong,val
data\raw\oblong\oblong (190).jpg,oblong,val
data\raw\oblong\oblong (403).jpg,oblong,val
data\raw\oblong\oblong (642).jpg,oblong,val
data\raw\oblong\oblong (561).jpg,oblong,val
data\raw\oblong\oblong (214).jpg,oblong,val
data\raw\oblong\oblong (931).jpg,oblong,val
data\raw\oblong\oblong (899).jpg,oblong,val
data\raw\oblong\oblong (238).jpg,oblong,val
data\raw\oblong\oblong (941).jpg,oblong,val
data\raw\oblong\oblong (71).jpg,oblong,val
data\raw\oblong\oblong (454).jpg,oblong,val
data\raw\oblong\oblong (45).jpg,oblong,val
data\raw\oblong\oblong (839).jpg,oblong,val
data\raw\oblong\oblong (534).jpg,oblong,val
data\raw\oblong\oblong (785).jpg,oblong,val
data\raw\oblong\oblong (391).jpg,oblong,val
data\raw\oblong\oblong (138).jpg,oblong,val
data\raw\oblong\oblong (477).jpg,oblong,val
data\raw\oblong\oblong (984).jpg,oblong,val
data\raw\oblong\oblong (830).jpg,oblong,val
data\raw\oblong\oblong (625).jpg,oblong,val
data\raw\oblong\oblong (318).jpg,oblong,val
data\raw\oblong\oblong (741).jpg,oblong,val
data\raw\oblong\oblong (272).jpg,oblong,val
data\raw\oblong\oblong (395).jpg,oblong,val
data\raw\oblong\oblong (518).jpg,oblong,val
data\raw\oblong\oblong (446).jpg,oblong,val
data\raw\oblong\oblong (6).jpg,oblong,val
data\raw\oblong\oblong (922).jpg,oblong,val
data\raw\oblong\oblong (850).jpg,oblong,val
data\raw\oblong\oblong (404).jpg,oblong,val
data\raw\oblong\oblong (416).jpg,oblong,val
data\raw\oblong\oblong (544).jpg,oblong,val
data\raw\oblong\oblong (595).jpg,oblong,val
data\raw\oblong\oblong (51).jpg,oblong,val
data\raw\oblong\oblong (97).jpg,oblong,val
data\raw\oblong\oblong (55).jpg,oblong,val
data\raw\oblong\oblong (706).jpg,oblong,train
data\raw\oblong\oblong (632).jpg,oblong,val
data\raw\oblong\oblong (93).jpg,oblong,val
data\raw\oblong\oblong (373).jpg,oblong,train
data\raw\oblong\oblong (768).jpg,oblong,val
data\raw\oblong\oblong (99).jpg,oblong,train
data\raw\oblong\oblong (100).jpg,oblong,val
data\raw\oblong\oblong (867).jpg,oblong,val
data\raw\oblong\oblong (566).jpg,oblong,val
data\raw\oblong\oblong (411).jpg,oblong,val
data\raw\oblong\oblong (480).jpg,oblong,val
data\raw\oblong\oblong (886).jpg,oblong,val
data\raw\oblong\oblong (352).jpg,oblong,val
data\raw\oblong\oblong (162).jpg,oblong,val
data\raw\oblong\oblong (223).jpg,oblong,val
data\raw\oblong\oblong (787).jpg,oblong,val
data\raw\oblong\oblong (567).jpg,oblong,val
data\raw\oblong\oblong (650).jpg,oblong,val
data\raw\oblong\oblong (274).jpg,oblong,val
data\raw\oblong\oblong (451).jpg,oblong,val
data\raw\oblong\oblong (231).jpg,oblong,val
data\raw\oblong\oblong (852).jpg,oblong,val
data\raw\oblong\oblong (519).jpg,oblong,val
data\raw\oblong\oblong (322).jpg,oblong,train
data\raw\oblong\oblong (533).jpg,oblong,val
data\raw\oblong\oblong (543).jpg,oblong,val
data\raw\oblong\oblong (481).jpg,oblong,val
data\raw\oblong\oblong (35).jpg,oblong,val
data\raw\oblong\oblong (749).jpg,oblong,val
data\raw\oblong\oblong (568).jpg,oblong,val
data\raw\oblong\oblong (994).jpg,oblong,val
data\raw\oblong\oblong (759).jpg,oblong,val
data\raw\oblong\oblong (872).jpg,oblong,val
data\raw\oblong\oblong (24).jpg,oblong,val
data\raw\oblong\oblong (970).jpg,oblong,val
data\raw\oblong\oblong (206).jpg,oblong,val
data\raw\oblong\oblong (523).jpg,oblong,val
data\raw\oblong\oblong (202).jpg,oblong,val
data\raw\oblong\oblong (971).jpg,oblong,val
data\raw\oblong\oblong (184).jpg,oblong,val
data\raw\oblong\oblong (474).jpg,oblong,val
data\raw\oblong\oblong (607).jpg,oblong,val
data\raw\oblong\oblong (110).jpg,oblong,val
data\raw\oblong\oblong (606).jpg,oblong,val
data\raw\oblong\oblong (385).jpg,oblong,val
data\raw\oblong\oblong (244).jpg,oblong,val
data\raw\oblong\oblong (752).jpg,oblong,val
data\raw\oblong\oblong (319).jpg,oblong,val
data\raw\oblong\oblong (835).jpg,oblong,val
data\raw\oblong\oblong (66).jpg,oblong,val
data\raw\oblong\oblong (68).jpg,oblong,val
data\raw\oblong\oblong (124).jpg,oblong,val
data\raw\oblong\oblong (21).jpg,oblong,val
data\raw\oblong\oblong (545).jpg,oblong,val
data\raw\oblong\oblong (742).jpg,oblong,val
data\raw\oblong\oblong (945).jpg,oblong,val
data\raw\oblong\oblong (363).jpg,oblong,test
data\raw\oblong\oblong (219).jpg,oblong,test
data\raw\oblong\oblong (604).jpg,oblong,test
data\raw\oblong\oblong (344).jpg,oblong,test
data\raw\oblong\oblong (286).jpg,oblong,test
data\raw\oblong\oblong (145).jpg,oblong,test
data\raw\oblong\oblong (894).jpg,oblong,test
data\raw\oblong\oblong (917).jpg,oblong,test
data\raw\oblong\oblong (98).jpg,oblong,test
data\raw\oblong\oblong (558).jpg,oblong,test
data\raw\oblong\oblong (921).jpg,oblong,test
data\raw\oblong\oblong (672).jpg,oblong,test
data\raw\oblong\oblong (431).jpg,oblong,test
data\raw\oblong\oblong (576).jpg,oblong,test
data\raw\oblong\oblong (271).jpg,oblong,test
data\raw\oblong\oblong (148).jpg,oblong,test
data\raw\oblong\oblong (48).jpg,oblong,test
data\raw\oblong\oblong (524).jpg,oblong,test
data\raw\oblong\oblong (599).jpg,oblong,test
data\raw\oblong\oblong (704).jpg,oblong,test
data\raw\oblong\oblong (10).jpg,oblong,test
data\raw\oblong\oblong (959).jpg,oblong,test
data\raw\oblong\oblong (572).jpg,oblong,test
data\raw\oblong\oblong (470).jpg,oblong,test
data\raw\oblong\oblong (810).jpg,oblong,test
data\raw\oblong\oblong (204).jpg,oblong,test
data\raw\oblong\oblong (397).jpg,oblong,test
data\raw\oblong\oblong (330).jpg,oblong,test
data\raw\oblong\oblong (389).jpg,oblong,test
data\raw\oblong\oblong (18).jpg,oblong,test
data\raw\oblong\oblong (517).jpg,oblong,test
data\raw\oblong\oblong (131).jpg,oblong,test
data\raw\oblong\oblong (605).jpg,oblong,test
data\raw\oblong\oblong (8).jpg,oblong,test
data\raw\oblong\oblong (911).jpg,oblong,test
data\raw\oblong\oblong (468).jpg,oblong,test
data\raw\oblong\oblong (709).jpg,oblong,test
data\raw\oblong\oblong (956).jpg,oblong,test
data\raw\oblong\oblong (555).jpg,oblong,test
data\raw\oblong\oblong (738).jpg,oblong,test
data\raw\oblong\oblong (478).jpg,oblong,test
data\raw\oblong\oblong (401).jpg,oblong,test
data\raw\oblong\oblong (246).jpg,oblong,test
data\raw\oblong\oblong (89).jpg,oblong,test
data\raw\oblong\oblong (195).jpg,oblong,test
data\raw\oblong\oblong (716).jpg,oblong,test
data\raw\oblong\oblong (394).jpg,oblong,test
data\raw\oblong\oblong (405).jpg,oblong,test
data\raw\oblong\oblong (999).jpg,oblong,test
data\raw\oblong\oblong (419).jpg,oblong,test
data\raw\oblong\oblong (92).jpg,oblong,test
data\raw\oblong\oblong (935).jpg,oblong,test
data\raw\oblong\oblong (551).jpg,oblong,test
data\raw\oblong\oblong (849).jpg,oblong,test
data\raw\oblong\oblong (684).jpg,oblong,test
data\raw\oblong\oblong (50).jpg,oblong,test
data\raw\oblong\oblong (638).jpg,oblong,test
data\raw\oblong\oblong (265).jpg,oblong,test
data\raw\oblong\oblong (354).jpg,oblong,test
data\raw\oblong\oblong (505).jpg,oblong,test
data\raw\oblong\oblong (7).jpg,oblong,test
data\raw\oblong\oblong (577).jpg,oblong,test
data\raw\oblong\oblong (995).jpg,oblong,test
data\raw\oblong\oblong (26).jpg,oblong,test
data\raw\oblong\oblong (796).jpg,oblong,test
data\raw\oblong\oblong (801).jpg,oblong,test
data\raw\oblong\oblong (135).jpg,oblong,test
data\raw\oblong\oblong (63).jpg,oblong,test
data\raw\oblong\oblong (346).jpg,oblong,test
data\raw\oblong\oblong (856).jpg,oblong,test
data\raw\oblong\oblong (718).jpg,oblong,train
data\raw\oblong\oblong (803).jpg,oblong,test
data\raw\oblong\oblong (117).jpg,oblong,test
data\raw\oblong\oblong (64).jpg,oblong,test
data\raw\oblong\oblong (629).jpg,oblong,test
data\raw\oblong\oblong (892).jpg,oblong,test
data\raw\oblong\oblong (87).jpg,oblong,test
data\raw\oblong\oblong (72).jpg,oblong,test
data\raw\oblong\oblong (309).jpg,oblong,test
data\raw\oblong\oblong (182).jpg,oblong,test
data\raw\oblong\oblong (121).jpg,oblong,test
data\raw\oblong\oblong (329).jpg,oblong,test
data\raw\oblong\oblong (655).jpg,oblong,test
data\raw\oblong\oblong (396).jpg,oblong,test
data\raw\oblong\oblong (776).jpg,oblong,test
data\raw\oblong\oblong (497).jpg,oblong,test
data\raw\oblong\oblong (918).jpg,oblong,test
data\raw\oblong\oblong (134).jpg,oblong,test
data\raw\oblong\oblong (65).jpg,oblong,test
data\raw\oblong\oblong (172).jpg,oblong,test
data\raw\oblong\oblong (501).jpg,oblong,test
data\raw\oblong\oblong (553).jpg,oblong,test
data\raw\oblong\oblong (596).jpg,oblong,test
data\raw\oblong\oblong (56).jpg,oblong,test
data\raw\oblong\oblong (349).jpg,oblong,test
data\raw\oblong\oblong (47).jpg,oblong,test
data\raw\oblong\oblong (743).jpg,oblong,test
data\raw\oblong\oblong (379).jpg,oblong,test
data\raw\oblong\oblong (997).jpg,oblong,test
data\raw\oblong\oblong (53).jpg,oblong,test
data\raw\oblong\oblong (212).jpg,oblong,test
data\raw\oblong\oblong (502).jpg,oblong,test
data\raw\oblong\oblong (991).jpg,oblong,test
data\raw\oblong\oblong (948).jpg,oblong,test
data\raw\oblong\oblong (622).jpg,oblong,test
data\raw\oblong\oblong (859).jpg,oblong,test
data\raw\oblong\oblong (789).jpg,oblong,test
data\raw\oblong\oblong (647).jpg,oblong,test
data\raw\oblong\oblong (381).jpg,oblong,test
data\raw\oblong\oblong (829).jpg,oblong,test
data\raw\oblong\oblong (250).jpg,oblong,test
data\raw\oblong\oblong (153).jpg,oblong,train
data\raw\oblong\oblong (164).jpg,oblong,test
data\raw\oblong\oblong (229).jpg,oblong,train
data\raw\oblong\oblong (860).jpg,oblong,test
data\raw\oblong\oblong (343).jpg,oblong,test
data\raw\oblong\oblong (936).jpg,oblong,test
data\raw\oblong\oblong (235).jpg,oblong,test
data\raw\oblong\oblong (696).jpg,oblong,test
data\raw\oblong\oblong (305).jpg,oblong,test
data\raw\oblong\oblong (60).jpg,oblong,test
data\raw\oblong\oblong (203).jpg,oblong,test
data\raw\oblong\oblong (490).jpg,oblong,test
data\raw\oblong\oblong (280).jpg,oblong,test
data\raw\oblong\oblong (96).jpg,oblong,test
data\raw\oblong\oblong (84).jpg,oblong,test
data\raw\oblong\oblong (708).jpg,oblong,test
data\raw\oblong\oblong (641).jpg,oblong,test
data\raw\oblong\oblong (675).jpg,oblong,test
data\raw\oblong\oblong (828).jpg,oblong,test
data\raw\oblong\oblong (824).jpg,oblong,test
data\raw\oblong\oblong (341).jpg,oblong,train
data\raw\oblong\oblong (950).jpg,oblong,test
data\raw\oblong\oblong (313).jpg,oblong,test
data\raw\oblong\oblong (731).jpg,oblong,test
data\raw\oblong\oblong (163).jpg,oblong,test
data\raw\oblong\oblong (516).jpg,oblong,test
data\raw\oblong\oblong (891).jpg,oblong,test
data\raw\oblong\oblong (746).jpg,oblong,test
data\raw\oblong\oblong (359).jpg,oblong,test
data\raw\oblong\oblong (75).jpg,oblong,test
data\raw\oblong\oblong (364).jpg,oblong,test
data\raw\oblong\oblong (311).jpg,oblong,test
data\raw\oblong\oblong (128).jpg,oblong,test
data\raw\oblong\oblong (367).jpg,oblong,test
data\raw\oblong\oblong (531).jpg,oblong,test
data\raw\oblong\oblong (646).jpg,oblong,test
data\raw\oblong\oblong (733).jpg,oblong,test
data\raw\oblong\oblong (513).jpg,oblong,test
data\raw\oblong\oblong (475).jpg,oblong,test
data\raw\oval\oval (445).jpg,oval,train
data\raw\oval\oval (595).jpg,oval,train
data\raw\oval\oval (311).jpg,oval,train
data\raw\oval\oval (920).jpg,oval,train
data\raw\oval\oval (122).jpg,oval,train
data\raw\oval\oval (886).jpg,oval,train
data\raw\oval\oval (782).jpg,oval,train
data\raw\oval\oval (715).jpg,oval,train
data\raw\oval\oval (706).jpg,oval,train
data\raw\oval\oval (958).jpg,oval,train
data\raw\oval\oval (277).jpg,oval,train
data\raw\oval\oval (524).jpg,oval,train
data\raw\oval\oval (990).jpg,oval,train
data\raw\oval\oval (794).jpg,oval,train
data\raw\oval\oval (180).jpg,oval,train
data\raw\oval\oval (669).jpg,oval,train
data\raw\oval\oval (716).jpg,oval,train
data\raw\oval\oval (827).jpg,oval,train
data\raw\oval\oval (359).jpg,oval,train
data\raw\oval\oval (480).jpg,oval,train
data\raw\oval\oval (522).jpg,oval,train
data\raw\oval\oval (107).jpg,oval,train
data\raw\oval\oval (143).jpg,oval,train
data\raw\oval\oval (279).jpg,oval,train
data\raw\oval\oval (400).jpg,oval,train
data\raw\oval\oval (993).jpg,oval,train
data\raw\oval\oval (339).jpg,oval,train
data\raw\oval\oval (130).jpg,oval,train
data\raw\oval\oval (43).jpg,oval,train
data\raw\oval\oval (683).jpg,oval,train
data\raw\oval\oval (209).jpg,oval,train
data\raw\oval\oval (838).jpg,oval,train
data\raw\oval\oval (163).jpg,oval,train
data\raw\oval\oval (855).jpg,oval,train
data\raw\oval\oval (929).jpg,oval,train
data\raw\oval\oval (832).jpg,oval,train
data\raw\oval\oval (750).jpg,oval,train
data\raw\oval\oval (302).jpg,oval,train
data\raw\oval\oval (254).jpg,oval,train
data\raw\oval\oval (711).jpg,oval,train
data\raw\oval\oval (552).jpg,oval,train
data\raw\oval\oval (443).jpg,oval,train
data\raw\oval\oval (874).jpg,oval,train
data\raw\oval\oval (308).jpg,oval,train
data\raw\oval\oval (225).jpg,oval,train
data\raw\oval\oval (42).jpg,oval,train
data\raw\oval\oval (140).jpg,oval,train
data\raw\oval\oval (679).jpg,oval,train
data\raw\oval\oval (836).jpg,oval,train
data\raw\oval\oval (12).jpg,oval,train
data\raw\oval\oval (17).jpg,oval,train
data\raw\oval\oval (614).jpg,oval,train
data\raw\oval\oval (321).jpg,oval,train
data\raw\oval\oval (262).jpg,oval,train
data\raw\oval\oval (892).jpg,oval,train
data\raw\oval\oval (775).jpg,oval,train
data\raw\oval\oval (385).jpg,oval,train
data\raw\oval\oval (45).jpg,oval,train
data\raw\oval\oval (515).jpg,oval,train
data\raw\oval\oval (610).jpg,oval,train
data\raw\oval\oval (240).jpg,oval,train
data\raw\oval\oval (354).jpg,oval,train
data\raw\oval\oval (730).jpg,oval,train
data\raw\oval\oval (809).jpg,oval,train
data\raw\oval\oval (822).jpg,oval,train
data\raw\oval\oval (347).jpg,oval,train
data\raw\oval\oval (968).jpg,oval,train
data\raw\oval\oval (792).jpg,oval,train
data\raw\oval\oval (538).jpg,oval,train
data\raw\oval\oval (352).jpg,oval,train
data\raw\oval\oval (650).jpg,oval,train
data\raw\oval\oval (591).jpg,oval,train
data\raw\oval\oval (345).jpg,oval,train
data\raw\oval\oval (608).jpg,oval,train
data\raw\oval\oval (444).jpg,oval,train
data\raw\oval\oval (448).jpg,oval,train
data\raw\oval\oval (425).jpg,oval,train
data\raw\oval\oval (771).jpg,oval,train
data\raw\oval\oval (386).jpg,oval,train
data\raw\oval\oval (733).jpg,oval,train
data\raw\oval\oval (78).jpg,oval,train
data\raw\oval\oval (871).jpg,oval,train
data\raw\oval\oval (449).jpg,oval,train
data\raw\oval\oval (613).jpg,oval,train
data\raw\oval\oval (889).jpg,oval,train
data\raw\oval\oval (146).jpg,oval,train
data\raw\oval\oval (951).jpg,oval,train
data\raw\oval\oval (865).jpg,oval,train
data\raw\oval\oval (808).jpg,oval,train
data\raw\oval\oval (175).jpg,oval,train
data\raw\oval\oval (172).jpg,oval,train
data\raw\oval\oval (549).jpg,oval,train
data\raw\oval\oval (103).jpg,oval,train
data\raw\oval\oval (233).jpg,oval,train
data\raw\oval\oval (470).jpg,oval,train
data\raw\oval\oval (767).jpg,oval,train
data\raw\oval\oval (604).jpg,oval,train
data\raw\oval\oval (764).jpg,oval,train
data\raw\oval\oval (118).jpg,oval,train
data\raw\oval\oval (579).jpg,oval,train
data\raw\oval\oval (530).jpg,oval,train
data\raw\oval\oval (611).jpg,oval,train
data\raw\oval\oval (565).jpg,oval,train
data\raw\oval\oval (815).jpg,oval,train
data\raw\oval\oval (743).jpg,oval,train
data\raw\oval\oval (238).jpg,oval,train
data\raw\oval\oval (287).jpg,oval,train
data\raw\oval\oval (762).jpg,oval,train
data\raw\oval\oval (859).jpg,oval,train
data\raw\oval\oval (882).jpg,oval,train
data\raw\oval\oval (310).jpg,oval,train
data\raw\oval\oval (91).jpg,oval,train
data\raw\oval\oval (582).jpg,oval,train
data\raw\oval\oval (434).jpg,oval,train
data\raw\oval\oval (176).jpg,oval,train
data\raw\oval\oval (939).jpg,oval,train
data\raw\oval\oval (872).jpg,oval,train
data\raw\oval\oval (428).jpg,oval,train
data\raw\oval\oval (450).jpg,oval,train
data\raw\oval\oval (631).jpg,oval,train
data\raw\oval\oval (182).jpg,oval,train
data\raw\oval\oval (298).jpg,oval,train
data\raw\oval\oval (299).jpg,oval,train
data\raw\oval\oval (521).jpg,oval,train
data\raw\oval\oval (885).jpg,oval,train
data\raw\oval\oval (901).jpg,oval,train
data\raw\oval\oval (840).jpg,oval,train
data\raw\oval\oval (532).jpg,oval,train
data\raw\oval\oval (276).jpg,oval,train
data\raw\oval\oval (151).jpg,oval,train
data\raw\oval\oval (336).jpg,oval,train
data\raw\oval\oval (412).jpg,oval,train
data\raw\oval\oval (547).jpg,oval,train
data\raw\oval\oval (462).jpg,oval,train
data\raw\oval\oval (109).jpg,oval,train
data\raw\oval\oval (959).jpg,oval,train
data\raw\oval\oval (293).jpg,oval,train
data\raw\oval\oval (866).jpg,oval,train
data\raw\oval\oval (267).jpg,oval,train
data\raw\oval\oval (324).jpg,oval,train
data\raw\oval\oval (663).jpg,oval,train
data\raw\oval\oval (850).jpg,oval,train
data\raw\oval\oval (915).jpg,oval,train
data\raw\oval\oval (77).jpg,oval,train
data\raw\oval\oval (314).jpg,oval,train
data\raw\oval\oval (363).jpg,oval,train
data\raw\oval\oval (525).jpg,oval,train
data\raw\oval\oval (580).jpg,oval,train
data\raw\oval\oval (499).jpg,oval,train
data\raw\oval\oval (203).jpg,oval,train
data\raw\oval\oval (155).jpg,oval,train
data\raw\oval\oval (829).jpg,oval,train
data\raw\oval\oval (457).jpg,oval,train
data\raw\oval\oval (353).jpg,oval,train
data\raw\oval\oval (398).jpg,oval,train
data\raw\oval\oval (381).jpg,oval,train
data\raw\oval\oval (897).jpg,oval,train
data\raw\oval\oval (975).jpg,oval,train
data\raw\oval\oval (94).jpg,oval,train
data\raw\oval\oval (945).jpg,oval,train
data\raw\oval\oval (636).jpg,oval,train
data\raw\oval\oval (127).jpg,oval,train
data\raw\oval\oval (619).jpg,oval,train
data\raw\oval\oval (189).jpg,oval,train
data\raw\oval\oval (332).jpg,oval,train
data\raw\oval\oval (407).jpg,oval,train
data\raw\oval\oval (986).jpg,oval,train
data\raw\oval\oval (37).jpg,oval,train
data\raw\oval\oval (638).jpg,oval,train
data\raw\oval\oval (492).jpg,oval,train
data\raw\oval\oval (269).jpg,oval,train
data\raw\oval\oval (71).jpg,oval,train
data\raw\oval\oval (322).jpg,oval,train
data\raw\oval\oval (30).jpg,oval,train
data\raw\oval\oval (185).jpg,oval,train
data\raw\oval\oval (294).jpg,oval,train
data\raw\oval\oval (523).jpg,oval,train
data\raw\oval\oval (900).jpg,oval,train
data\raw\oval\oval (195).jpg,oval,train
data\raw\oval\oval (371).jpg,oval,train
data\raw\oval\oval (589).jpg,oval,train
data\raw\oval\oval (129).jpg,oval,train
data\raw\oval\oval (949).jpg,oval,train
data\raw\oval\oval (883).jpg,oval,train
data\raw\oval\oval (164).jpg,oval,train
data\raw\oval\oval (61).jpg,oval,train
data\raw\oval\oval (348).jpg,oval,train
data\raw\oval\oval (596).jpg,oval,train
data\raw\oval\oval (797).jpg,oval,train
data\raw\oval\oval (441).jpg,oval,train
data\raw\oval\oval (527).jpg,oval,train
data\raw\oval\oval (911).jpg,oval,train
data\raw\oval\oval (497).jpg,oval,train
data\raw\oval\oval (648).jpg,oval,train
data\raw\oval\oval (108).jpg,oval,train
data\raw\oval\oval (667).jpg,oval,train
data\raw\oval\oval (70).jpg,oval,train
data\raw\oval\oval (780).jpg,oval,train
data\raw\oval\oval (789).jpg,oval,train
data\raw\oval\oval (1).jpg,oval,train
data\raw\oval\oval (157).jpg,oval,train
data\raw\oval\oval (19).jpg,oval,train
data\raw\oval\oval (350).jpg,oval,train
data\raw\oval\oval (265).jpg,oval,train
data\raw\oval\oval (333).jpg,oval,train
data\raw\oval\oval (551).jpg,oval,train
data\raw\oval\oval (919).jpg,oval,train
data\raw\oval\oval (574).jpg,oval,train
data\raw\oval\oval (677).jpg,oval,train
data\raw\oval\oval (7).jpg,oval,train
data\raw\oval\oval (62).jpg,oval,train
data\raw\oval\oval (473).jpg,oval,train
data\raw\oval\oval (391).jpg,oval,train
data\raw\oval\oval (807).jpg,oval,train
data\raw\oval\oval (542).jpg,oval,train
data\raw\oval\oval (110).jpg,oval,train
data\raw\oval\oval (652).jpg,oval,train
data\raw\oval\oval (483).jpg,oval,train
data\raw\oval\oval (215).jpg,oval,train
data\raw\oval\oval (623).jpg,oval,train
data\raw\oval\oval (912).jpg,oval,train
data\raw\oval\oval (232).jpg,oval,train
data\raw\oval\oval (263).jpg,oval,train
data\raw\oval\oval (671).jpg,oval,train
data\raw\oval\oval (635).jpg,oval,train
data\raw\oval\oval (989).jpg,oval,train
data\raw\oval\oval (504).jpg,oval,train
data\raw\oval\oval (493).jpg,oval,train
data\raw\oval\oval (368).jpg,oval,train
data\raw\oval\oval (696).jpg,oval,train
data\raw\oval\oval (682).jpg,oval,train
data\raw\oval\oval (132).jpg,oval,train
data\raw\oval\oval (607).jpg,oval,train
data\raw\oval\oval (57).jpg,oval,train
data\raw\oval\oval (471).jpg,oval,train
data\raw\oval\oval (814).jpg,oval,train
data\raw\oval\oval (306).jpg,oval,train
data\raw\oval\oval (464).jpg,oval,train
data\raw\oval\oval (735).jpg,oval,train
data\raw\oval\oval (111).jpg,oval,train
data\raw\oval\oval (123).jpg,oval,train
data\raw\oval\oval (640).jpg,oval,train
data\raw\oval\oval (67).jpg,oval,train
data\raw\oval\oval (488).jpg,oval,train
data\raw\oval\oval (622).jpg,oval,train
data\raw\oval\oval (260).jpg,oval,train
data\raw\oval\oval (977).jpg,oval,train
data\raw\oval\oval (200).jpg,oval,train
data\raw\oval\oval (219).jpg,oval,train
data\raw\oval\oval (940).jpg,oval,train
data\raw\oval\oval (700).jpg,oval,train
data\raw\oval\oval (3).jpg,oval,train
data\raw\oval\oval (766).jpg,oval,train
data\raw\oval\oval (272).jpg,oval,train
data\raw\oval\oval (255).jpg,oval,train
data\raw\oval\oval (660).jpg,oval,train
data\raw\oval\oval (199).jpg,oval,train
data\raw\oval\oval (506).jpg,oval,train
data\raw\oval\oval (29).jpg,oval,train
data\raw\oval\oval (867).jpg,oval,train
data\raw\oval\oval (795).jpg,oval,train
data\raw\oval\oval (80).jpg,oval,train
data\raw\oval\oval (360).jpg,oval,train
data\raw\oval\oval (887).jpg,oval,train
data\raw\oval\oval (560).jpg,oval,train
data\raw\oval\oval (971).jpg,oval,train
data\raw\oval\oval (268).jpg,oval,train
data\raw\oval\oval (998).jpg,oval,train
data\raw\oval\oval (446).jpg,oval,train
data\raw\oval\oval (241).jpg,oval,train
data\raw\oval\oval (33).jpg,oval,train
data\raw\oval\oval (588).jpg,oval,train
data\raw\oval\oval (913).jpg,oval,train
data\raw\oval\oval (830).jpg,oval,train
data\raw\oval\oval (312).jpg,oval,train
data\raw\oval\oval (152).jpg,oval,train
data\raw\oval\oval (800).jpg,oval,train
data\raw\oval\oval (48).jpg,oval,train
data\raw\oval\oval (853).jpg,oval,train
data\raw\oval\oval (801).jpg,oval,train
data\raw\oval\oval (997).jpg,oval,train
data\raw\oval\oval (237).jpg,oval,train
data\raw\oval\oval (709).jpg,oval,train
data\raw\oval\oval (918).jpg,oval,train
data\raw\oval\oval (303).jpg,oval,train
data\raw\oval\oval (870).jpg,oval,train
data\raw\oval\oval (275).jpg,oval,train
data\raw\oval\oval (651).jpg,oval,train
data\raw\oval\oval (1000).jpg,oval,train
data\raw\oval\oval (712).jpg,oval,train
data\raw\oval\oval (708).jpg,oval,train
data\raw\oval\oval (414).jpg,oval,train
data\raw\oval\oval (162).jpg,oval,train
data\raw\oval\oval (183).jpg,oval,train
data\raw\oval\oval (879).jpg,oval,train
data\raw\oval\oval (749).jpg,oval,train
data\raw\oval\oval (896).jpg,oval,train
data\raw\oval\oval (249).jpg,oval,train
data\raw\oval\oval (335).jpg,oval,train
data\raw\oval\oval (295).jpg,oval,train
data\raw\oval\oval (285).jpg,oval,train
data\raw\oval\oval (401).jpg,oval,train
data\raw\oval\oval (954).jpg,oval,train
data\raw\oval\oval (429).jpg,oval,train
data\raw\oval\oval (234).jpg,oval,train
data\raw\oval\oval (726).jpg,oval,train
data\raw\oval\oval (104).jpg,oval,train
data\raw\oval\oval (397).jpg,oval,train
data\raw\oval\oval (447).jpg,oval,train
data\raw\oval\oval (309).jpg,oval,train
data\raw\oval\oval (905).jpg,oval,train
data\raw\oval\oval (424).jpg,oval,train
data\raw\oval\oval (15).jpg,oval,train
data\raw\oval\oval (732).jpg,oval,train
data\raw\oval\oval (439).jpg,oval,train
data\raw\oval\oval (313).jpg,oval,train
data\raw\oval\oval (330).jpg,oval,train
data\raw\oval\oval (90).jpg,oval,train
data\raw\oval\oval (325).jpg,oval,train
data\raw\oval\oval (537).jpg,oval,train
data\raw\oval\oval (46).jpg,oval,train
data\raw\oval\oval (307).jpg,oval,train
data\raw\oval\oval (229).jpg,oval,train
data\raw\oval\oval (252).jpg,oval,train
data\raw\oval\oval (147).jpg,oval,train
data\raw\oval\oval (980).jpg,oval,train
data\raw\oval\oval (925).jpg,oval,train
data\raw\oval\oval (53).jpg,oval,train
data\raw\oval\oval (101).jpg,oval,train
data\raw\oval\oval (402).jpg,oval,train
data\raw\oval\oval (545).jpg,oval,train
data\raw\oval\oval (811).jpg,oval,train
data\raw\oval\oval (641).jpg,oval,train
data\raw\oval\oval (586).jpg,oval,train
data\raw\oval\oval (114).jpg,oval,train
data\raw\oval\oval (18).jpg,oval,train
data\raw\oval\oval (290).jpg,oval,train
data\raw\oval\oval (768).jpg,oval,train
data\raw\oval\oval (994).jpg,oval,train
data\raw\oval\oval (643).jpg,oval,train
data\raw\oval\oval (204).jpg,oval,train
data\raw\oval\oval (694).jpg,oval,train
data\raw\oval\oval (413).jpg,oval,train
data\raw\oval\oval (917).jpg,oval,train
data\raw\oval\oval (125).jpg,oval,train
data\raw\oval\oval (847).jpg,oval,train
data\raw\oval\oval (819).jpg,oval,train
data\raw\oval\oval (246).jpg,oval,train
data\raw\oval\oval (637).jpg,oval,train
data\raw\oval\oval (190).jpg,oval,train
data\raw\oval\oval (399).jpg,oval,train
data\raw\oval\oval (510).jpg,oval,train
data\raw\oval\oval (981).jpg,oval,train
data\raw\oval\oval (4).jpg,oval,train
data\raw\oval\oval (658).jpg,oval,train
data\raw\oval\oval (878).jpg,oval,train
data\raw\oval\oval (699).jpg,oval,train
data\raw\oval\oval (100).jpg,oval,train
data\raw\oval\oval (562).jpg,oval,train
data\raw\oval\oval (985).jpg,oval,train
data\raw\oval\oval (426).jpg,oval,train
data\raw\oval\oval (999).jpg,oval,train
data\raw\oval\oval (250).jpg,oval,train
data\raw\oval\oval (518).jpg,oval,train
data\raw\oval\oval (615).jpg,oval,train
data\raw\oval\oval (540).jpg,oval,train
data\raw\oval\oval (205).jpg,oval,train
data\raw\oval\oval (943).jpg,oval,train
data\raw\oval\oval (478).jpg,oval,train
data\raw\oval\oval (924).jpg,oval,train
data\raw\oval\oval (406).jpg,oval,train
data\raw\oval\oval (120).jpg,oval,train
data\raw\oval\oval (645).jpg,oval,train
data\raw\oval\oval (208).jpg,oval,train
data\raw\oval\oval (851).jpg,oval,train
data\raw\oval\oval (97).jpg,oval,train
data\raw\oval\oval (148).jpg,oval,train
data\raw\oval\oval (505).jpg,oval,train
data\raw\oval\oval (223).jpg,oval,train
data\raw\oval\oval (419).jpg,oval,train
data\raw\oval\oval (502).jpg,oval,train
data\raw\oval\oval (773).jpg,oval,train
data\raw\oval\oval (346).jpg,oval,train
data\raw\oval\oval (191).jpg,oval,train
data\raw\oval\oval (197).jpg,oval,train
data\raw\oval\oval (487).jpg,oval,train
data\raw\oval\oval (59).jpg,oval,train
data\raw\oval\oval (967).jpg,oval,train
data\raw\oval\oval (548).jpg,oval,train
data\raw\oval\oval (301).jpg,oval,train
data\raw\oval\oval (258).jpg,oval,train
data\raw\oval\oval (134).jpg,oval,train
data\raw\oval\oval (880).jpg,oval,train
data\raw\oval\oval (463).jpg,oval,train
data\raw\oval\oval (117).jpg,oval,train
data\raw\oval\oval (231).jpg,oval,train
data\raw\oval\oval (664).jpg,oval,train
data\raw\oval\oval (490).jpg,oval,train
data\raw\oval\oval (770).jpg,oval,train
data\raw\oval\oval (280).jpg,oval,train
data\raw\oval\oval (612).jpg,oval,train
data\raw\oval\oval (349).jpg,oval,train
data\raw\oval\oval (841).jpg,oval,train
data\raw\oval\oval (88).jpg,oval,train
data\raw\oval\oval (154).jpg,oval,train
data\raw\oval\oval (475).jpg,oval,train
data\raw\oval\oval (58).jpg,oval,train
data\raw\oval\oval (86).jpg,oval,train
data\raw\oval\oval (742).jpg,oval,train
data\raw\oval\oval (594).jpg,oval,train
data\raw\oval\oval (753).jpg,oval,train
data\raw\oval\oval (539).jpg,oval,train
data\raw\oval\oval (244).jpg,oval,train
data\raw\oval\oval (826).jpg,oval,train
data\raw\oval\oval (474).jpg,oval,train
data\raw\oval\oval (517).jpg,oval,train
data\raw\oval\oval (661).jpg,oval,train
data\raw\oval\oval (916).jpg,oval,train
data\raw\oval\oval (798).jpg,oval,train
data\raw\oval\oval (453).jpg,oval,train
data\raw\oval\oval (479).jpg,oval,train
data\raw\oval\oval (201).jpg,oval,train
data\raw\oval\oval (722).jpg,oval,train
data\raw\oval\oval (884).jpg,oval,train
data\raw\oval\oval (748).jpg,oval,train
data\raw\oval\oval (211).jpg,oval,train
data\raw\oval\oval (187).jpg,oval,train
data\raw\oval\oval (646).jpg,oval,train
data\raw\oval\oval (38).jpg,oval,train
data\raw\oval\oval (751).jpg,oval,train
data\raw\oval\oval (705).jpg,oval,train
data\raw\oval\oval (584).jpg,oval,train
data\raw\oval\oval (395).jpg,oval,train
data\raw\oval\oval (8).jpg,oval,train
data\raw\oval\oval (578).jpg,oval,train
data\raw\oval\oval (597).jpg,oval,train
data\raw\oval\oval (914).jpg,oval,train
data\raw\oval\oval (261).jpg,oval,train
data\raw\oval\oval (876).jpg,oval,train
data\raw\oval\oval (757).jpg,oval,train
data\raw\oval\oval (343).jpg,oval,train
data\raw\oval\oval (31).jpg,oval,train
data\raw\oval\oval (737).jpg,oval,train
data\raw\oval\oval (520).jpg,oval,train
data\raw\oval\oval (271).jpg,oval,train
data\raw\oval\oval (340).jpg,oval,train
data\raw\oval\oval (978).jpg,oval,train
data\raw\oval\oval (692).jpg,oval,train
data\raw\oval\oval (570).jpg,oval,train
data\raw\oval\oval (357).jpg,oval,train
data\raw\oval\oval (923).jpg,oval,train
data\raw\oval\oval (337).jpg,oval,train
data\raw\oval\oval (161).jpg,oval,train
data\raw\oval\oval (617).jpg,oval,train
data\raw\oval\oval (673).jpg,oval,train
data\raw\oval\oval (824).jpg,oval,train
data\raw\oval\oval (863).jpg,oval,train
data\raw\oval\oval (857).jpg,oval,train
data\raw\oval\oval (555).jpg,oval,train
data\raw\oval\oval (812).jpg,oval,train
data\raw\oval\oval (845).jpg,oval,train
data\raw\oval\oval (533).jpg,oval,train
data\raw\oval\oval (701).jpg,oval,train
data\raw\oval\oval (288).jpg,oval,train
data\raw\oval\oval (192).jpg,oval,train
data\raw\oval\oval (854).jpg,oval,train
data\raw\oval\oval (289).jpg,oval,train
data\raw\oval\oval (168).jpg,oval,train
data\raw\oval\oval (291).jpg,oval,train
data\raw\oval\oval (242).jpg,oval,train
data\raw\oval\oval (300).jpg,oval,train
data\raw\oval\oval (106).jpg,oval,train
data\raw\oval\oval (186).jpg,oval,train
data\raw\oval\oval (765).jpg,oval,train
data\raw\oval\oval (420).jpg,oval,train
data\raw\oval\oval (362).jpg,oval,train
data\raw\oval\oval (931).jpg,oval,train
data\raw\oval\oval (75).jpg,oval,train
data\raw\oval\oval (657).jpg,oval,train
data\raw\oval\oval (731).jpg,oval,train
data\raw\oval\oval (598).jpg,oval,train
data\raw\oval\oval (632).jpg,oval,train
data\raw\oval\oval (486).jpg,oval,train
data\raw\oval\oval (786).jpg,oval,train
data\raw\oval\oval (891).jpg,oval,train
data\raw\oval\oval (541).jpg,oval,train
data\raw\oval\oval (746).jpg,oval,train
data\raw\oval\oval (783).jpg,oval,train
data\raw\oval\oval (95).jpg,oval,train
data\raw\oval\oval (319).jpg,oval,train
data\raw\oval\oval (96).jpg,oval,train
data\raw\oval\oval (745).jpg,oval,train
data\raw\oval\oval (755).jpg,oval,train
data\raw\oval\oval (791).jpg,oval,train
data\raw\oval\oval (961).jpg,oval,train
data\raw\oval\oval (670).jpg,oval,train
data\raw\oval\oval (456).jpg,oval,train
data\raw\oval\oval (546).jpg,oval,train
data\raw\oval\oval (459).jpg,oval,train
data\raw\oval\oval (572).jpg,oval,train
data\raw\oval\oval (987).jpg,oval,train
data\raw\oval\oval (22).jpg,oval,train
data\raw\oval\oval (781).jpg,oval,train
data\raw\oval\oval (373).jpg,oval,train
data\raw\oval\oval (11).jpg,oval,train
data\raw\oval\oval (389).jpg,oval,train
data\raw\oval\oval (721).jpg,oval,train
data\raw\oval\oval (50).jpg,oval,train
data\raw\oval\oval (888).jpg,oval,train
data\raw\oval\oval (642).jpg,oval,train
data\raw\oval\oval (84).jpg,oval,train
data\raw\oval\oval (676).jpg,oval,train
data\raw\oval\oval (697).jpg,oval,train
data\raw\oval\oval (2).jpg,oval,train
data\raw\oval\oval (877).jpg,oval,train
data\raw\oval\oval (741).jpg,oval,train
data\raw\oval\oval (113).jpg,oval,train
data\raw\oval\oval (536).jpg,oval,train
data\raw\oval\oval (569).jpg,oval,train
data\raw\oval\oval (55).jpg,oval,train
data\raw\oval\oval (942).jpg,oval,train
data\raw\oval\oval (408).jpg,oval,train
data\raw\oval\oval (374).jpg,oval,train
data\raw\oval\oval (621).jpg,oval,train
data\raw\oval\oval (248).jpg,oval,train
data\raw\oval\oval (647).jpg,oval,train
data\raw\oval\oval (719).jpg,oval,train
data\raw\oval\oval (227).jpg,oval,train
data\raw\oval\oval (909).jpg,oval,train
data\raw\oval\oval (235).jpg,oval,train
data\raw\oval\oval (519).jpg,oval,train
data\raw\oval\oval (704).jpg,oval,train
data\raw\oval\oval (535).jpg,oval,train
data\raw\oval\oval (405).jpg,oval,train
data\raw\oval\oval (799).jpg,oval,train
data\raw\oval\oval (133).jpg,oval,train
data\raw\oval\oval (602).jpg,oval,train
data\raw\oval\oval (135).jpg,oval,train
data\raw\oval\oval (56).jpg,oval,train
data\raw\oval\oval (469).jpg,oval,train
data\raw\oval\oval (568).jpg,oval,train
data\raw\oval\oval (281).jpg,oval,train
data\raw\oval\oval (685).jpg,oval,train
data\raw\oval\oval (99).jpg,oval,train
data\raw\oval\oval (868).jpg,oval,train
data\raw\oval\oval (934).jpg,oval,train
data\raw\oval\oval (461).jpg,oval,train
data\raw\oval\oval (718).jpg,oval,train
data\raw\oval\oval (720).jpg,oval,train
data\raw\oval\oval (207).jpg,oval,train
data\raw\oval\oval (356).jpg,oval,train
data\raw\oval\oval (513).jpg,oval,train
data\raw\oval\oval (563).jpg,oval,train
data\raw\oval\oval (991).jpg,oval,train
data\raw\oval\oval (725).jpg,oval,train
data\raw\oval\oval (982).jpg,oval,train
data\raw\oval\oval (432).jpg,oval,train
data\raw\oval\oval (278).jpg,oval,train
data\raw\oval\oval (145).jpg,oval,train
data\raw\oval\oval (468).jpg,oval,train
data\raw\oval\oval (68).jpg,oval,train
data\raw\oval\oval (761).jpg,oval,train
data\raw\oval\oval (47).jpg,oval,train
data\raw\oval\oval (435).jpg,oval,train
data\raw\oval\oval (341).jpg,oval,train
data\raw\oval\oval (221).jpg,oval,train
data\raw\oval\oval (496).jpg,oval,train
data\raw\oval\oval (198).jpg,oval,train
data\raw\oval\oval (105).jpg,oval,train
data\raw\oval\oval (593).jpg,oval,train
data\raw\oval\oval (778).jpg,oval,train
data\raw\oval\oval (938).jpg,oval,train
data\raw\oval\oval (554).jpg,oval,train
data\raw\oval\oval (358).jpg,oval,train
data\raw\oval\oval (639).jpg,oval,train
data\raw\oval\oval (142).jpg,oval,train
data\raw\oval\oval (834).jpg,oval,train
data\raw\oval\oval (992).jpg,oval,train
data\raw\oval\oval (927).jpg,oval,train
data\raw\oval\oval (9).jpg,oval,train
data\raw\oval\oval (564).jpg,oval,train
data\raw\oval\oval (460).jpg,oval,train
data\raw\oval\oval (181).jpg,oval,train
data\raw\oval\oval (119).jpg,oval,train
data\raw\oval\oval (974).jpg,oval,train
data\raw\oval\oval (382).jpg,oval,train
data\raw\oval\oval (629).jpg,oval,train
data\raw\oval\oval (740).jpg,oval,train
data\raw\oval\oval (65).jpg,oval,train
data\raw\oval\oval (558).jpg,oval,train
data\raw\oval\oval (921).jpg,oval,train
data\raw\oval\oval (273).jpg,oval,train
data\raw\oval\oval (655).jpg,oval,train
data\raw\oval\oval (630).jpg,oval,train
data\raw\oval\oval (848).jpg,oval,train
data\raw\oval\oval (820).jpg,oval,train
data\raw\oval\oval (327).jpg,oval,train
data\raw\oval\oval (484).jpg,oval,train
data\raw\oval\oval (452).jpg,oval,train
data\raw\oval\oval (842).jpg,oval,train
data\raw\oval\oval (144).jpg,oval,train
data\raw\oval\oval (188).jpg,oval,train
data\raw\oval\oval (228).jpg,oval,train
data\raw\oval\oval (326).jpg,oval,train
data\raw\oval\oval (804).jpg,oval,train
data\raw\oval\oval (860).jpg,oval,train
data\raw\oval\oval (926).jpg,oval,train
data\raw\oval\oval (817).jpg,oval,train
data\raw\oval\oval (962).jpg,oval,train
data\raw\oval\oval (843).jpg,oval,train
data\raw\oval\oval (196).jpg,oval,train
data\raw\oval\oval (785).jpg,oval,train
data\raw\oval\oval (890).jpg,oval,train
data\raw\oval\oval (802).jpg,oval,train
data\raw\oval\oval (218).jpg,oval,train
data\raw\oval\oval (466).jpg,oval,train
data\raw\oval\oval (928).jpg,oval,train
data\raw\oval\oval (392).jpg,oval,train
data\raw\oval\oval (387).jpg,oval,train
data\raw\oval\oval (960).jpg,oval,train
data\raw\oval\oval (411).jpg,oval,train
data\raw\oval\oval (286).jpg,oval,train
data\raw\oval\oval (908).jpg,oval,train
data\raw\oval\oval (544).jpg,oval,train
data\raw\oval\oval (481).jpg,oval,train
data\raw\oval\oval (970).jpg,oval,train
data\raw\oval\oval (758).jpg,oval,train
data\raw\oval\oval (153).jpg,oval,train
data\raw\oval\oval (165).jpg,oval,train
data\raw\oval\oval (516).jpg,oval,train
data\raw\oval\oval (372).jpg,oval,train
data\raw\oval\oval (93).jpg,oval,train
data\raw\oval\oval (323).jpg,oval,train
data\raw\oval\oval (543).jpg,oval,train
data\raw\oval\oval (377).jpg,oval,train
data\raw\oval\oval (365).jpg,oval,train
data\raw\oval\oval (852).jpg,oval,train
data\raw\oval\oval (910).jpg,oval,train
data\raw\oval\oval (82).jpg,oval,train
data\raw\oval\oval (668).jpg,oval,train
data\raw\oval\oval (953).jpg,oval,train
data\raw\oval\oval (625).jpg,oval,train
data\raw\oval\oval (292).jpg,oval,train
data\raw\oval\oval (342).jpg,oval,train
data\raw\oval\oval (63).jpg,oval,train
data\raw\oval\oval (14).jpg,oval,train
data\raw\oval\oval (173).jpg,oval,train
data\raw\oval\oval (124).jpg,oval,train
data\raw\oval\oval (893).jpg,oval,train
data\raw\oval\oval (618).jpg,oval,train
data\raw\oval\oval (409).jpg,oval,train
data\raw\oval\oval (806).jpg,oval,train
data\raw\oval\oval (674).jpg,oval,train
data\raw\oval\oval (256).jpg,oval,train
data\raw\oval\oval (805).jpg,oval,train
data\raw\oval\oval (633).jpg,oval,train
data\raw\oval\oval (644).jpg,oval,train
data\raw\oval\oval (253).jpg,oval,train
data\raw\oval\oval (69).jpg,oval,train
data\raw\oval\oval (950).jpg,oval,train
data\raw\oval\oval (184).jpg,oval,train
data\raw\oval\oval (590).jpg,oval,train
data\raw\oval\oval (862).jpg,oval,train
data\raw\oval\oval (378).jpg,oval,train
data\raw\oval\oval (675).jpg,oval,train
data\raw\oval\oval (728).jpg,oval,train
data\raw\oval\oval (831).jpg,oval,train
data\raw\oval\oval (72).jpg,oval,train
data\raw\oval\oval (936).jpg,oval,train
data\raw\oval\oval (28).jpg,oval,train
data\raw\oval\oval (329).jpg,oval,train
data\raw\oval\oval (856).jpg,oval,train
data\raw\oval\oval (36).jpg,oval,train
data\raw\oval\oval (861).jpg,oval,train
data\raw\oval\oval (417).jpg,oval,train
data\raw\oval\oval (305).jpg,oval,train
data\raw\oval\oval (396).jpg,oval,train
data\raw\oval\oval (247).jpg,oval,train
data\raw\oval\oval (25).jpg,oval,train
data\raw\oval\oval (379).jpg,oval,train
data\raw\oval\oval (239).jpg,oval,train
data\raw\oval\oval (787).jpg,oval,train
data\raw\oval\oval (875).jpg,oval,train
data\raw\oval\oval (149).jpg,oval,train
data\raw\oval\oval (561).jpg,oval,train
data\raw\oval\oval (498).jpg,oval,train
data\raw\oval\oval (739).jpg,oval,train
data\raw\oval\oval (904).jpg,oval,train
data\raw\oval\oval (64).jpg,oval,train
data\raw\oval\oval (689).jpg,oval,train
data\raw\oval\oval (907).jpg,oval,train
data\raw\oval\oval (216).jpg,oval,train
data\raw\oval\oval (415).jpg,oval,train
data\raw\oval\oval (575).jpg,oval,train
data\raw\oval\oval (528).jpg,oval,train
data\raw\oval\oval (803).jpg,oval,train
data\raw\oval\oval (729).jpg,oval,train
data\raw\oval\oval (690).jpg,oval,train
data\raw\oval\oval (390).jpg,oval,train
data\raw\oval\oval (213).jpg,oval,train
data\raw\oval\oval (772).jpg,oval,val
data\raw\oval\oval (963).jpg,oval,val
data\raw\oval\oval (476).jpg,oval,val
data\raw\oval\oval (477).jpg,oval,val
data\raw\oval\oval (946).jpg,oval,val
data\raw\oval\oval (906).jpg,oval,val
data\raw\oval\oval (92).jpg,oval,val
data\raw\oval\oval (383).jpg,oval,val
data\raw\oval\oval (159).jpg,oval,val
data\raw\oval\oval (178).jpg,oval,val
data\raw\oval\oval (779).jpg,oval,val
data\raw\oval\oval (217).jpg,oval,val
data\raw\oval\oval (606).jpg,oval,val
data\raw\oval\oval (529).jpg,oval,val
data\raw\oval\oval (438).jpg,oval,val
data\raw\oval\oval (626).jpg,oval,val
data\raw\oval\oval (941).jpg,oval,val
data\raw\oval\oval (948).jpg,oval,val
data\raw\oval\oval (790).jpg,oval,val
data\raw\oval\oval (553).jpg,oval,val
data\raw\oval\oval (316).jpg,oval,val
data\raw\oval\oval (226).jpg,oval,val
data\raw\oval\oval (283).jpg,oval,val
data\raw\oval\oval (98).jpg,oval,val
data\raw\oval\oval (304).jpg,oval,val
data\raw\oval\oval (567).jpg,oval,val
data\raw\oval\oval (922).jpg,oval,val
data\raw\oval\oval (259).jpg,oval,val
data\raw\oval\oval (687).jpg,oval,val
data\raw\oval\oval (744).jpg,oval,val
data\raw\oval\oval (763).jpg,oval,val
data\raw\oval\oval (754).jpg,oval,val
data\raw\oval\oval (243).jpg,oval,val
data\raw\oval\oval (375).jpg,oval,val
data\raw\oval\oval (366).jpg,oval,val
data\raw\oval\oval (599).jpg,oval,val
data\raw\oval\oval (605).jpg,oval,val
data\raw\oval\oval (158).jpg,oval,val
data\raw\oval\oval (752).jpg,oval,val
data\raw\oval\oval (418).jpg,oval,val
data\raw\oval\oval (713).jpg,oval,val
data\raw\oval\oval (393).jpg,oval,val
data\raw\oval\oval (727).jpg,oval,val
data\raw\oval\oval (179).jpg,oval,val
data\raw\oval\oval (508).jpg,oval,val
data\raw\oval\oval (756).jpg,oval,val
data\raw\oval\oval (257).jpg,oval,val
data\raw\oval\oval (514).jpg,oval,val
data\raw\oval\oval (166).jpg,oval,val
data\raw\oval\oval (902).jpg,oval,val
data\raw\oval\oval (210).jpg,oval,val
data\raw\oval\oval (894).jpg,oval,val
data\raw\oval\oval (550).jpg,oval,val
data\raw\oval\oval (738).jpg,oval,val
data\raw\oval\oval (881).jpg,oval,val
data\raw\oval\oval (662).jpg,oval,val
data\raw\oval\oval (296).jpg,oval,val
data\raw\oval\oval (844).jpg,oval,val
data\raw\oval\oval (747).jpg,oval,val
data\raw\oval\oval (338).jpg,oval,val
data\raw\oval\oval (34).jpg,oval,val
data\raw\oval\oval (206).jpg,oval,val
data\raw\oval\oval (616).jpg,oval,val
data\raw\oval\oval (935).jpg,oval,val
data\raw\oval\oval (576).jpg,oval,val
data\raw\oval\oval (969).jpg,oval,val
data\raw\oval\oval (27).jpg,oval,val
data\raw\oval\oval (777).jpg,oval,val
data\raw\oval\oval (121).jpg,oval,val
data\raw\oval\oval (202).jpg,oval,val
data\raw\oval\oval (328).jpg,oval,val
data\raw\oval\oval (355).jpg,oval,val
data\raw\oval\oval (698).jpg,oval,val
data\raw\oval\oval (388).jpg,oval,val
data\raw\oval\oval (89).jpg,oval,val
data\raw\oval\oval (810).jpg,oval,val
data\raw\oval\oval (587).jpg,oval,val
data\raw\oval\oval (224).jpg,oval,val
data\raw\oval\oval (627).jpg,oval,val
data\raw\oval\oval (169).jpg,oval,val
data\raw\oval\oval (839).jpg,oval,val
data\raw\oval\oval (440).jpg,oval,val
data\raw\oval\oval (44).jpg,oval,val
data\raw\oval\oval (512).jpg,oval,val
data\raw\oval\oval (821).jpg,oval,val
data\raw\oval\oval (24).jpg,oval,val
data\raw\oval\oval (656).jpg,oval,val
data\raw\oval\oval (128).jpg,oval,val
data\raw\oval\oval (620).jpg,oval,val
data\raw\oval\oval (451).jpg,oval,val
data\raw\oval\oval (431).jpg,oval,val
data\raw\oval\oval (436).jpg,oval,val
data\raw\oval\oval (693).jpg,oval,val
data\raw\oval\oval (315).jpg,oval,val
data\raw\oval\oval (16).jpg,oval,val
data\raw\oval\oval (214).jpg,oval,val
data\raw\oval\oval (13).jpg,oval,val
data\raw\oval\oval (501).jpg,oval,val
data\raw\oval\oval (723).jpg,oval,val
data\raw\oval\oval (659).jpg,oval,val
data\raw\oval\oval (23).jpg,oval,val
data\raw\oval\oval (126).jpg,oval,val
data\raw\oval\oval (245).jpg,oval,val
data\raw\oval\oval (724).jpg,oval,val
data\raw\oval\oval (79).jpg,oval,val
data\raw\oval\oval (571).jpg,oval,val
data\raw\oval\oval (433).jpg,oval,val
data\raw\oval\oval (472).jpg,oval,val
data\raw\oval\oval (686).jpg,oval,val
data\raw\oval\oval (717).jpg,oval,val
data\raw\oval\oval (167).jpg,oval,val
data\raw\oval\oval (150).jpg,oval,val
data\raw\oval\oval (895).jpg,oval,val
data\raw\oval\oval (976).jpg,oval,val
data\raw\oval\oval (351).jpg,oval,val
data\raw\oval\oval (5).jpg,oval,val
data\raw\oval\oval (957).jpg,oval,val
data\raw\oval\oval (956).jpg,oval,val
data\raw\oval\oval (858).jpg,oval,val
data\raw\oval\oval (137).jpg,oval,val
data\raw\oval\oval (51).jpg,oval,val
data\raw\oval\oval (421).jpg,oval,val
data\raw\oval\oval (507).jpg,oval,val
data\raw\oval\oval (734).jpg,oval,val
data\raw\oval\oval (251).jpg,oval,val
data\raw\oval\oval (491).jpg,oval,val
data\raw\oval\oval (76).jpg,oval,val
data\raw\oval\oval (654).jpg,oval,val
data\raw\oval\oval (509).jpg,oval,val
data\raw\oval\oval (380).jpg,oval,val
data\raw\oval\oval (370).jpg,oval,val
data\raw\oval\oval (707).jpg,oval,val
data\raw\oval\oval (40).jpg,oval,val
data\raw\oval\oval (995).jpg,oval,val
data\raw\oval\oval (193).jpg,oval,val
data\raw\oval\oval (394).jpg,oval,val
data\raw\oval\oval (898).jpg,oval,val
data\raw\oval\oval (600).jpg,oval,val
data\raw\oval\oval (264).jpg,oval,val
data\raw\oval\oval (653).jpg,oval,val
data\raw\oval\oval (495).jpg,oval,val
data\raw\oval\oval (170).jpg,oval,val
data\raw\oval\oval (49).jpg,oval,val
data\raw\oval\oval (988).jpg,oval,val
data\raw\oval\oval (174).jpg,oval,val
data\raw\oval\oval (837).jpg,oval,val
data\raw\oval\oval (344).jpg,oval,val
data\raw\oval\oval (577).jpg,oval,val
data\raw\oval\oval (833).jpg,oval,val
data\raw\oval\oval (873).jpg,oval,val
data\raw\oval\oval (557).jpg,oval,test
data\raw\oval\oval (736).jpg,oval,test
data\raw\oval\oval (556).jpg,oval,test
data\raw\oval\oval (952).jpg,oval,test
data\raw\oval\oval (410).jpg,oval,test
data\raw\oval\oval (454).jpg,oval,test
data\raw\oval\oval (503).jpg,oval,test
data\raw\oval\oval (784).jpg,oval,test
data\raw\oval\oval (467).jpg,oval,test
data\raw\oval\oval (500).jpg,oval,test
data\raw\oval\oval (437).jpg,oval,test
data\raw\oval\oval (835).jpg,oval,test
data\raw\oval\oval (212).jpg,oval,test
data\raw\oval\oval (35).jpg,oval,test
data\raw\oval\oval (403).jpg,oval,test
data\raw\oval\oval (702).jpg,oval,test
data\raw\oval\oval (979).jpg,oval,test
data\raw\oval\oval (818).jpg,oval,test
data\raw\oval\oval (930).jpg,oval,test
data\raw\oval\oval (361).jpg,oval,test
data\raw\oval\oval (274).jpg,oval,test
data\raw\oval\oval (695).jpg,oval,test
data\raw\oval\oval (793).jpg,oval,test
data\raw\oval\oval (899).jpg,oval,test
data\raw\oval\oval (996).jpg,oval,test
data\raw\oval\oval (534).jpg,oval,test
data\raw\oval\oval (6).jpg,oval,test
data\raw\oval\oval (85).jpg,oval,test
data\raw\oval\oval (465).jpg,oval,test
data\raw\oval\oval (964).jpg,oval,test
data\raw\oval\oval (384).jpg,oval,test
data\raw\oval\oval (39).jpg,oval,test
data\raw\oval\oval (136).jpg,oval,test
data\raw\oval\oval (282).jpg,oval,test
data\raw\oval\oval (828).jpg,oval,test
data\raw\oval\oval (937).jpg,oval,test
data\raw\oval\oval (284).jpg,oval,test
data\raw\oval\oval (369).jpg,oval,test
data\raw\oval\oval (131).jpg,oval,test
data\raw\oval\oval (973).jpg,oval,test
data\raw\oval\oval (983).jpg,oval,test
data\raw\oval\oval (759).jpg,oval,test
data\raw\oval\oval (972).jpg,oval,test
data\raw\oval\oval (222).jpg,oval,test
data\raw\oval\oval (846).jpg,oval,test
data\raw\oval\oval (266).jpg,oval,test
data\raw\oval\oval (680).jpg,oval,test
data\raw\oval\oval (54).jpg,oval,test
data\raw\oval\oval (74).jpg,oval,test
data\raw\oval\oval (526).jpg,oval,test
data\raw\oval\oval (73).jpg,oval,test
data\raw\oval\oval (816).jpg,oval,test
data\raw\oval\oval (864).jpg,oval,test
data\raw\oval\oval (26).jpg,oval,test
data\raw\oval\oval (691).jpg,oval,test
data\raw\oval\oval (849).jpg,oval,test
data\raw\oval\oval (41).jpg,oval,test
data\raw\oval\oval (601).jpg,oval,test
data\raw\oval\oval (422).jpg,oval,test
data\raw\oval\oval (139).jpg,oval,test
data\raw\oval\oval (220).jpg,oval,test
data\raw\oval\oval (404).jpg,oval,test
data\raw\oval\oval (796).jpg,oval,test
data\raw\oval\oval (776).jpg,oval,test
data\raw\oval\oval (634).jpg,oval,test
data\raw\oval\oval (81).jpg,oval,test
data\raw\oval\oval (194).jpg,oval,test
data\raw\oval\oval (678).jpg,oval,test
data\raw\oval\oval (703).jpg,oval,test
data\raw\oval\oval (774).jpg,oval,test
data\raw\oval\oval (955).jpg,oval,test
data\raw\oval\oval (416).jpg,oval,test
data\raw\oval\oval (947).jpg,oval,test
data\raw\oval\oval (825).jpg,oval,test
data\raw\oval\oval (427).jpg,oval,test
data\raw\oval\oval (966).jpg,oval,test
data\raw\oval\oval (788).jpg,oval,test
data\raw\oval\oval (331).jpg,oval,test
data\raw\oval\oval (442).jpg,oval,test
data\raw\oval\oval (455).jpg,oval,test
data\raw\oval\oval (684).jpg,oval,test
data\raw\oval\oval (138).jpg,oval,test
data\raw\oval\oval (531).jpg,oval,test
data\raw\oval\oval (903).jpg,oval,test
data\raw\oval\oval (458).jpg,oval,test
data\raw\oval\oval (116).jpg,oval,test
data\raw\oval\oval (609).jpg,oval,test
data\raw\oval\oval (944).jpg,oval,test
data\raw\oval\oval (823).jpg,oval,test
data\raw\oval\oval (566).jpg,oval,test
data\raw\oval\oval (60).jpg,oval,test
data\raw\oval\oval (583).jpg,oval,test
data\raw\oval\oval (160).jpg,oval,test
data\raw\oval\oval (430).jpg,oval,test
data\raw\oval\oval (581).jpg,oval,test
data\raw\oval\oval (177).jpg,oval,test
data\raw\oval\oval (714).jpg,oval,test
data\raw\oval\oval (710).jpg,oval,test
data\raw\oval\oval (270).jpg,oval,test
data\raw\oval\oval (482).jpg,oval,test
data\raw\oval\oval (624).jpg,oval,test
data\raw\oval\oval (32).jpg,oval,test
data\raw\oval\oval (423).jpg,oval,test
data\raw\oval\oval (665).jpg,oval,test
data\raw\oval\oval (10).jpg,oval,test
data\raw\oval\oval (494).jpg,oval,test
data\raw\oval\oval (367).jpg,oval,test
data\raw\oval\oval (230).jpg,oval,test
data\raw\oval\oval (760).jpg,oval,test
data\raw\oval\oval (320).jpg,oval,test
data\raw\oval\oval (628).jpg,oval,test
data\raw\oval\oval (573).jpg,oval,test
data\raw\oval\oval (681).jpg,oval,test
data\raw\oval\oval (112).jpg,oval,test
data\raw\oval\oval (592).jpg,oval,test
data\raw\oval\oval (649).jpg,oval,test
data\raw\oval\oval (559).jpg,oval,test
data\raw\oval\oval (932).jpg,oval,test
data\raw\oval\oval (87).jpg,oval,test
data\raw\oval\oval (984).jpg,oval,test
data\raw\oval\oval (156).jpg,oval,test
data\raw\oval\oval (52).jpg,oval,test
data\raw\oval\oval (672).jpg,oval,train
data\raw\oval\oval (83).jpg,oval,test
data\raw\oval\oval (688).jpg,oval,test
data\raw\oval\oval (485).jpg,oval,test
data\raw\oval\oval (318).jpg,oval,test
data\raw\oval\oval (141).jpg,oval,test
data\raw\oval\oval (21).jpg,oval,test
data\raw\oval\oval (376).jpg,oval,test
data\raw\oval\oval (317).jpg,oval,test
data\raw\oval\oval (364).jpg,oval,test
data\raw\oval\oval (813).jpg,oval,test
data\raw\oval\oval (20).jpg,oval,test
data\raw\oval\oval (489).jpg,oval,test
data\raw\oval\oval (585).jpg,oval,test
data\raw\oval\oval (66).jpg,oval,test
data\raw\oval\oval (769).jpg,oval,test
data\raw\oval\oval (965).jpg,oval,test
data\raw\oval\oval (603).jpg,oval,test
data\raw\oval\oval (236).jpg,oval,test
data\raw\oval\oval (869).jpg,oval,test
data\raw\oval\oval (297).jpg,oval,test
data\raw\oval\oval (334).jpg,oval,test
data\raw\oval\oval (115).jpg,oval,test
data\raw\oval\oval (171).jpg,oval,test
data\raw\oval\oval (933).jpg,oval,test
data\raw\oval\oval (102).jpg,oval,test
data\raw\oval\oval (666).jpg,oval,test
data\raw\oval\oval (511).jpg,oval,test
data\raw\round\round (862).jpg,round,train
data\raw\round\round (641).jpg,round,train
data\raw\round\round (265).jpg,round,train
data\raw\round\round (209).jpg,round,train
data\raw\round\round (273).jpg,round,train
data\raw\round\round (295).jpg,round,train
data\raw\round\round (82).jpg,round,train
data\raw\round\round (865).jpg,round,train
data\raw\round\round (883).jpg,round,train
data\raw\round\round (553).jpg,round,train
data\raw\round\round (595).jpg,round,train
data\raw\round\round (885).jpg,round,train
data\raw\round\round (108).jpg,round,train
data\raw\round\round (723).jpg,round,train
data\raw\round\round (482).jpg,round,train
data\raw\round\round (828).jpg,round,train
data\raw\round\round (684).jpg,round,train
data\raw\round\round (952).jpg,round,train
data\raw\round\round (377).jpg,round,train
data\raw\round\round (441).jpg,round,train
data\raw\round\round (21).jpg,round,train
data\raw\round\round (356).jpg,round,train
data\raw\round\round (504).jpg,round,train
data\raw\round\round (642).jpg,round,train
data\raw\round\round (626).jpg,round,train
data\raw\round\round (541).jpg,round,train
data\raw\round\round (705).jpg,round,train
data\raw\round\round (855).jpg,round,train
data\raw\round\round (292).jpg,round,train
data\raw\round\round (42).jpg,round,train
data\raw\round\round (631).jpg,round,train
data\raw\round\round (353).jpg,round,train
data\raw\round\round (185).jpg,round,train
data\raw\round\round (18).jpg,round,train
data\raw\round\round (369).jpg,round,train
data\raw\round\round (277).jpg,round,train
data\raw\round\round (776).jpg,round,train
data\raw\round\round (655).jpg,round,train
data\raw\round\round (433).jpg,round,train
data\raw\round\round (510).jpg,round,train
data\raw\round\round (937).jpg,round,train
data\raw\round\round (665).jpg,round,train
data\raw\round\round (423).jpg,round,train
data\raw\round\round (66).jpg,round,train
data\raw\round\round (874).jpg,round,train
data\raw\round\round (241).jpg,round,train
data\raw\round\round (879).jpg,round,train
data\raw\round\round (666).jpg,round,train
data\raw\round\round (151).jpg,round,train
data\raw\round\round (757).jpg,round,train
data\raw\round\round (913).jpg,round,train
data\raw\round\round (864).jpg,round,train
data\raw\round\round (234).jpg,round,train
data\raw\round\round (912).jpg,round,train
data\raw\round\round (272).jpg,round,train
data\raw\round\round (208).jpg,round,train
data\raw\round\round (993).jpg,round,train
data\raw\round\round (470).jpg,round,train
data\raw\round\round (554).jpg,round,train
data\raw\round\round (342).jpg,round,train
data\raw\round\round (262).jpg,round,train
data\raw\round\round (545).jpg,round,train
data\raw\round\round (149).jpg,round,train
data\raw\round\round (630).jpg,round,train
data\raw\round\round (144).jpg,round,train
data\raw\round\round (429).jpg,round,train
data\raw\round\round (477).jpg,round,train
data\raw\round\round (758).jpg,round,train
data\raw\round\round (817).jpg,round,train
data\raw\round\round (303).jpg,round,train
data\raw\round\round (562).jpg,round,train
data\raw\round\round (260).jpg,round,train
data\raw\round\round (924).jpg,round,train
data\raw\round\round (20).jpg,round,train
data\raw\round\round (269).jpg,round,train
data\raw\round\round (134).jpg,round,train
data\raw\round\round (200).jpg,round,train
data\raw\round\round (837).jpg,round,train
data\raw\round\round (240).jpg,round,train
data\raw\round\round (285).jpg,round,train
data\raw\round\round (146).jpg,round,train
data\raw\round\round (314).jpg,round,train
data\raw\round\round (653).jpg,round,train
data\raw\round\round (492).jpg,round,train
data\raw\round\round (115).jpg,round,train
data\raw\round\round (948).jpg,round,train
data\raw\round\round (319).jpg,round,train
data\raw\round\round (951).jpg,round,train
data\raw\round\round (582).jpg,round,train
data\raw\round\round (428).jpg,round,train
data\raw\round\round (49).jpg,round,train
data\raw\round\round (78).jpg,round,train
data\raw\round\round (748).jpg,round,train
data\raw\round\round (198).jpg,round,train
data\raw\round\round (183).jpg,round,train
data\raw\round\round (23).jpg,round,train
data\raw\round\round (936).jpg,round,train
data\raw\round\round (493).jpg,round,train
data\raw\round\round (450).jpg,round,train
data\raw\round\round (210).jpg,round,train
data\raw\round\round (290).jpg,round,train
data\raw\round\round (529).jpg,round,train
data\raw\round\round (476).jpg,round,train
data\raw\round\round (244).jpg,round,train
data\raw\round\round (735).jpg,round,train
data\raw\round\round (431).jpg,round,train
data\raw\round\round (420).jpg,round,train
data\raw\round\round (516).jpg,round,train
data\raw\round\round (104).jpg,round,train
data\raw\round\round (71).jpg,round,train
data\raw\round\round (157).jpg,round,train
data\raw\round\round (738).jpg,round,train
data\raw\round\round (602).jpg,round,train
data\raw\round\round (873).jpg,round,train
data\raw\round\round (488).jpg,round,train
data\raw\round\round (258).jpg,round,train
data\raw\round\round (919).jpg,round,train
data\raw\round\round (276).jpg,round,train
data\raw\round\round (385).jpg,round,train
data\raw\round\round (405).jpg,round,train
data\raw\round\round (953).jpg,round,train
data\raw\round\round (983).jpg,round,train
data\raw\round\round (834).jpg,round,train
data\raw\round\round (216).jpg,round,train
data\raw\round\round (616).jpg,round,train
data\raw\round\round (358).jpg,round,train
data\raw\round\round (286).jpg,round,train
data\raw\round\round (941).jpg,round,train
data\raw\round\round (996).jpg,round,train
data\raw\round\round (715).jpg,round,train
data\raw\round\round (546).jpg,round,train
data\raw\round\round (371).jpg,round,train
data\raw\round\round (393).jpg,round,train
data\raw\round\round (298).jpg,round,train
data\raw\round\round (218).jpg,round,train
data\raw\round\round (551).jpg,round,train
data\raw\round\round (708).jpg,round,train
data\raw\round\round (135).jpg,round,train
data\raw\round\round (100).jpg,round,train
data\raw\round\round (316).jpg,round,train
data\raw\round\round (381).jpg,round,train
data\raw\round\round (44).jpg,round,train
data\raw\round\round (645).jpg,round,train
data\raw\round\round (408).jpg,round,train
data\raw\round\round (297).jpg,round,train
data\raw\round\round (578).jpg,round,train
data\raw\round\round (598).jpg,round,train
data\raw\round\round (94).jpg,round,train
data\raw\round\round (118).jpg,round,train
data\raw\round\round (154).jpg,round,train
data\raw\round\round (110).jpg,round,train
data\raw\round\round (822).jpg,round,train
data\raw\round\round (329).jpg,round,train
data\raw\round\round (658).jpg,round,train
data\raw\round\round (945).jpg,round,train
data\raw\round\round (407).jpg,round,train
data\raw\round\round (731).jpg,round,train
data\raw\round\round (173).jpg,round,train
data\raw\round\round (334).jpg,round,train
data\raw\round\round (839).jpg,round,train
data\raw\round\round (299).jpg,round,train
data\raw\round\round (365).jpg,round,train
data\raw\round\round (116).jpg,round,train
data\raw\round\round (17).jpg,round,train
data\raw\round\round (739).jpg,round,train
data\raw\round\round (624).jpg,round,train
data\raw\round\round (36).jpg,round,train
data\raw\round\round (677).jpg,round,train
data\raw\round\round (250).jpg,round,train
data\raw\round\round (586).jpg,round,train
data\raw\round\round (692).jpg,round,train
data\raw\round\round (312).jpg,round,train
data\raw\round\round (190).jpg,round,train
data\raw\round\round (469).jpg,round,train
data\raw\round\round (194).jpg,round,train
data\raw\round\round (573).jpg,round,train
data\raw\round\round (505).jpg,round,train
data\raw\round\round (338).jpg,round,train
data\raw\round\round (214).jpg,round,train
data\raw\round\round (19).jpg,round,train
data\raw\round\round (519).jpg,round,train
data\raw\round\round (651).jpg,round,train
data\raw\round\round (148).jpg,round,train
data\raw\round\round (395).jpg,round,train
data\raw\round\round (490).jpg,round,train
data\raw\round\round (915).jpg,round,train
data\raw\round\round (412).jpg,round,train
data\raw\round\round (672).jpg,round,train
data\raw\round\round (317).jpg,round,train
data\raw\round\round (57).jpg,round,train
data\raw\round\round (328).jpg,round,train
data\raw\round\round (255).jpg,round,train
data\raw\round\round (711).jpg,round,train
data\raw\round\round (785).jpg,round,train
data\raw\round\round (47).jpg,round,train
data\raw\round\round (397).jpg,round,train
data\raw\round\round (535).jpg,round,train
data\raw\round\round (90).jpg,round,train
data\raw\round\round (743).jpg,round,train
data\raw\round\round (181).jpg,round,train
data\raw\round\round (1000).jpg,round,train
data\raw\round\round (967).jpg,round,train
data\raw\round\round (114).jpg,round,train
data\raw\round\round (842).jpg,round,train
data\raw\round\round (923).jpg,round,train
data\raw\round\round (695).jpg,round,train
data\raw\round\round (531).jpg,round,train
data\raw\round\round (123).jpg,round,train
data\raw\round\round (679).jpg,round,train
data\raw\round\round (732).jpg,round,train
data\raw\round\round (737).jpg,round,train
data\raw\round\round (689).jpg,round,train
data\raw\round\round (726).jpg,round,train
data\raw\round\round (11).jpg,round,train
data\raw\round\round (313).jpg,round,train
data\raw\round\round (674).jpg,round,train
data\raw\round\round (650).jpg,round,train
data\raw\round\round (588).jpg,round,train
data\raw\round\round (363).jpg,round,train
data\raw\round\round (215).jpg,round,train
data\raw\round\round (528).jpg,round,train
data\raw\round\round (217).jpg,round,train
data\raw\round\round (709).jpg,round,train
data\raw\round\round (331).jpg,round,train
data\raw\round\round (473).jpg,round,train
data\raw\round\round (610).jpg,round,train
data\raw\round\round (502).jpg,round,train
data\raw\round\round (603).jpg,round,train
data\raw\round\round (721).jpg,round,train
data\raw\round\round (962).jpg,round,train
data\raw\round\round (278).jpg,round,train
data\raw\round\round (427).jpg,round,train
data\raw\round\round (238).jpg,round,train
data\raw\round\round (898).jpg,round,train
data\raw\round\round (628).jpg,round,train
data\raw\round\round (341).jpg,round,train
data\raw\round\round (439).jpg,round,train
data\raw\round\round (315).jpg,round,train
data\raw\round\round (604).jpg,round,train
data\raw\round\round (759).jpg,round,train
data\raw\round\round (340).jpg,round,train
data\raw\round\round (542).jpg,round,train
data\raw\round\round (730).jpg,round,train
data\raw\round\round (368).jpg,round,train
data\raw\round\round (383).jpg,round,train
data\raw\round\round (332).jpg,round,train
data\raw\round\round (773).jpg,round,train
data\raw\round\round (907).jpg,round,train
data\raw\round\round (266).jpg,round,train
data\raw\round\round (233).jpg,round,train
data\raw\round\round (126).jpg,round,train
data\raw\round\round (436).jpg,round,train
data\raw\round\round (532).jpg,round,train
data\raw\round\round (636).jpg,round,train
data\raw\round\round (304).jpg,round,train
data\raw\round\round (534).jpg,round,train
data\raw\round\round (717).jpg,round,train
data\raw\round\round (643).jpg,round,train
data\raw\round\round (506).jpg,round,train
data\raw\round\round (818).jpg,round,train
data\raw\round\round (361).jpg,round,train
data\raw\round\round (540).jpg,round,train
data\raw\round\round (696).jpg,round,train
data\raw\round\round (902).jpg,round,train
data\raw\round\round (884).jpg,round,train
data\raw\round\round (13).jpg,round,train
data\raw\round\round (164).jpg,round,train
data\raw\round\round (816).jpg,round,train
data\raw\round\round (274).jpg,round,train
data\raw\round\round (787).jpg,round,train
data\raw\round\round (236).jpg,round,train
data\raw\round\round (662).jpg,round,train
data\raw\round\round (242).jpg,round,train
data\raw\round\round (742).jpg,round,train
data\raw\round\round (485).jpg,round,train
data\raw\round\round (615).jpg,round,train
data\raw\round\round (533).jpg,round,train
data\raw\round\round (614).jpg,round,train
data\raw\round\round (130).jpg,round,train
data\raw\round\round (961).jpg,round,train
data\raw\round\round (868).jpg,round,train
data\raw\round\round (860).jpg,round,train
data\raw\round\round (933).jpg,round,train
data\raw\round\round (813).jpg,round,train
data\raw\round\round (590).jpg,round,train
data\raw\round\round (538).jpg,round,train
data\raw\round\round (931).jpg,round,train
data\raw\round\round (337).jpg,round,train
data\raw\round\round (596).jpg,round,train
data\raw\round\round (942).jpg,round,train
data\raw\round\round (133).jpg,round,train
data\raw\round\round (648).jpg,round,train
data\raw\round\round (724).jpg,round,train
data\raw\round\round (380).jpg,round,train
data\raw\round\round (932).jpg,round,train
data\raw\round\round (14).jpg,round,train
data\raw\round\round (812).jpg,round,train
data\raw\round\round (567).jpg,round,train
data\raw\round\round (989).jpg,round,train
data\raw\round\round (833).jpg,round,train
data\raw\round\round (972).jpg,round,train
data\raw\round\round (461).jpg,round,train
data\raw\round\round (681).jpg,round,train
data\raw\round\round (520).jpg,round,train
data\raw\round\round (213).jpg,round,train
data\raw\round\round (69).jpg,round,train
data\raw\round\round (977).jpg,round,train
data\raw\round\round (815).jpg,round,train
data\raw\round\round (171).jpg,round,train
data\raw\round\round (8).jpg,round,train
data\raw\round\round (92).jpg,round,train
data\raw\round\round (191).jpg,round,train
data\raw\round\round (400).jpg,round,train
data\raw\round\round (1).jpg,round,train
data\raw\round\round (805).jpg,round,train
data\raw\round\round (639).jpg,round,train
data\raw\round\round (825).jpg,round,train
data\raw\round\round (155).jpg,round,train
data\raw\round\round (105).jpg,round,train
data\raw\round\round (887).jpg,round,train
data\raw\round\round (768).jpg,round,train
data\raw\round\round (143).jpg,round,train
data\raw\round\round (752).jpg,round,train
data\raw\round\round (12).jpg,round,train
data\raw\round\round (871).jpg,round,train
data\raw\round\round (539).jpg,round,train
data\raw\round\round (507).jpg,round,train
data\raw\round\round (158).jpg,round,train
data\raw\round\round (432).jpg,round,train
data\raw\round\round (350).jpg,round,train
data\raw\round\round (968).jpg,round,train
data\raw\round\round (63).jpg,round,train
data\raw\round\round (45).jpg,round,train
data\raw\round\round (763).jpg,round,train
data\raw\round\round (716).jpg,round,train
data\raw\round\round (652).jpg,round,train
data\raw\round\round (462).jpg,round,train
data\raw\round\round (734).jpg,round,train
data\raw\round\round (281).jpg,round,train
data\raw\round\round (899).jpg,round,train
data\raw\round\round (881).jpg,round,train
data\raw\round\round (671).jpg,round,train
data\raw\round\round (911).jpg,round,train
data\raw\round\round (557).jpg,round,train
data\raw\round\round (778).jpg,round,train
data\raw\round\round (854).jpg,round,train
data\raw\round\round (10).jpg,round,train
data\raw\round\round (366).jpg,round,train
data\raw\round\round (249).jpg,round,train
data\raw\round\round (558).jpg,round,train
data\raw\round\round (307).jpg,round,train
data\raw\round\round (956).jpg,round,train
data\raw\round\round (680).jpg,round,train
data\raw\round\round (992).jpg,round,train
data\raw\round\round (284).jpg,round,train
data\raw\round\round (974).jpg,round,train
data\raw\round\round (783).jpg,round,train
data\raw\round\round (132).jpg,round,train
data\raw\round\round (89).jpg,round,train
data\raw\round\round (271).jpg,round,train
data\raw\round\round (526).jpg,round,train
data\raw\round\round (928).jpg,round,train
data\raw\round\round (869).jpg,round,train
data\raw\round\round (957).jpg,round,train
data\raw\round\round (364).jpg,round,train
data\raw\round\round (163).jpg,round,train
data\raw\round\round (979).jpg,round,train
data\raw\round\round (863).jpg,round,train
data\raw\round\round (41).jpg,round,train
data\raw\round\round (990).jpg,round,train
data\raw\round\round (246).jpg,round,train
data\raw\round\round (804).jpg,round,train
data\raw\round\round (165).jpg,round,train
data\raw\round\round (212).jpg,round,train
data\raw\round\round (159).jpg,round,train
data\raw\round\round (421).jpg,round,train
data\raw\round\round (59).jpg,round,train
data\raw\round\round (40).jpg,round,train
data\raw\round\round (914).jpg,round,train
data\raw\round\round (594).jpg,round,train
data\raw\round\round (796).jpg,round,train
data\raw\round\round (858).jpg,round,train
data\raw\round\round (141).jpg,round,train
data\raw\round\round (410).jpg,round,train
data\raw\round\round (976).jpg,round,train
data\raw\round\round (220).jpg,round,train
data\raw\round\round (50).jpg,round,train
data\raw\round\round (231).jpg,round,train
data\raw\round\round (892).jpg,round,train
data\raw\round\round (576).jpg,round,train
data\raw\round\round (247).jpg,round,train
data\raw\round\round (51).jpg,round,train
data\raw\round\round (673).jpg,round,train
data\raw\round\round (373).jpg,round,train
data\raw\round\round (829).jpg,round,train
data\raw\round\round (343).jpg,round,train
data\raw\round\round (466).jpg,round,train
data\raw\round\round (360).jpg,round,train
data\raw\round\round (81).jpg,round,train
data\raw\round\round (640).jpg,round,train
data\raw\round\round (826).jpg,round,train
data\raw\round\round (547).jpg,round,train
data\raw\round\round (779).jpg,round,train
data\raw\round\round (791).jpg,round,train
data\raw\round\round (917).jpg,round,train
data\raw\round\round (39).jpg,round,train
data\raw\round\round (568).jpg,round,train
data\raw\round\round (845).jpg,round,train
data\raw\round\round (26).jpg,round,train
data\raw\round\round (415).jpg,round,train
data\raw\round\round (37).jpg,round,train
data\raw\round\round (438).jpg,round,train
data\raw\round\round (634).jpg,round,train
data\raw\round\round (207).jpg,round,train
data\raw\round\round (563).jpg,round,train
data\raw\round\round (955).jpg,round,train
data\raw\round\round (30).jpg,round,train
data\raw\round\round (138).jpg,round,train
data\raw\round\round (98).jpg,round,train
data\raw\round\round (803).jpg,round,train
data\raw\round\round (219).jpg,round,train
data\raw\round\round (984).jpg,round,train
data\raw\round\round (514).jpg,round,train
data\raw\round\round (905).jpg,round,train
data\raw\round\round (211).jpg,round,train
data\raw\round\round (947).jpg,round,train
data\raw\round\round (530).jpg,round,train
data\raw\round\round (480).jpg,round,train
data\raw\round\round (437).jpg,round,train
data\raw\round\round (145).jpg,round,train
data\raw\round\round (294).jpg,round,train
data\raw\round\round (77).jpg,round,train
data\raw\round\round (808).jpg,round,train
data\raw\round\round (300).jpg,round,train
data\raw\round\round (814).jpg,round,train
data\raw\round\round (517).jpg,round,train
data\raw\round\round (117).jpg,round,train
data\raw\round\round (447).jpg,round,train
data\raw\round\round (771).jpg,round,train
data\raw\round\round (857).jpg,round,train
data\raw\round\round (566).jpg,round,train
data\raw\round\round (922).jpg,round,train
data\raw\round\round (349).jpg,round,train
data\raw\round\round (455).jpg,round,train
data\raw\round\round (571).jpg,round,train
data\raw\round\round (150).jpg,round,train
data\raw\round\round (916).jpg,round,train
data\raw\round\round (959).jpg,round,train
data\raw\round\round (333).jpg,round,train
data\raw\round\round (958).jpg,round,train
data\raw\round\round (53).jpg,round,train
data\raw\round\round (560).jpg,round,train
data\raw\round\round (454).jpg,round,train
data\raw\round\round (440).jpg,round,train
data\raw\round\round (575).jpg,round,train
data\raw\round\round (309).jpg,round,train
data\raw\round\round (458).jpg,round,train
data\raw\round\round (572).jpg,round,train
data\raw\round\round (927).jpg,round,train
data\raw\round\round (556).jpg,round,train
data\raw\round\round (201).jpg,round,train
data\raw\round\round (944).jpg,round,train
data\raw\round\round (847).jpg,round,train
data\raw\round\round (890).jpg,round,train
data\raw\round\round (2).jpg,round,train
data\raw\round\round (718).jpg,round,train
data\raw\round\round (850).jpg,round,train
data\raw\round\round (111).jpg,round,train
data\raw\round\round (359).jpg,round,train
data\raw\round\round (136).jpg,round,train
data\raw\round\round (906).jpg,round,train
data\raw\round\round (994).jpg,round,train
data\raw\round\round (760).jpg,round,train
data\raw\round\round (486).jpg,round,train
data\raw\round\round (659).jpg,round,train
data\raw\round\round (846).jpg,round,train
data\raw\round\round (982).jpg,round,train
data\raw\round\round (413).jpg,round,train
data\raw\round\round (287).jpg,round,train
data\raw\round\round (326).jpg,round,train
data\raw\round\round (810).jpg,round,train
data\raw\round\round (678).jpg,round,train
data\raw\round\round (697).jpg,round,train
data\raw\round\round (903).jpg,round,train
data\raw\round\round (767).jpg,round,train
data\raw\round\round (836).jpg,round,train
data\raw\round\round (940).jpg,round,train
data\raw\round\round (7).jpg,round,train
data\raw\round\round (663).jpg,round,train
data\raw\round\round (621).jpg,round,train
data\raw\round\round (849).jpg,round,train
data\raw\round\round (498).jpg,round,train
data\raw\round\round (688).jpg,round,train
data\raw\round\round (384).jpg,round,train
data\raw\round\round (305).jpg,round,train
data\raw\round\round (86).jpg,round,train
data\raw\round\round (243).jpg,round,train
data\raw\round\round (761).jpg,round,train
data\raw\round\round (162).jpg,round,train
data\raw\round\round (844).jpg,round,train
data\raw\round\round (323).jpg,round,train
data\raw\round\round (175).jpg,round,train
data\raw\round\round (354).jpg,round,train
data\raw\round\round (178).jpg,round,train
data\raw\round\round (527).jpg,round,train
data\raw\round\round (396).jpg,round,train
data\raw\round\round (893).jpg,round,train
data\raw\round\round (418).jpg,round,train
data\raw\round\round (744).jpg,round,train
data\raw\round\round (391).jpg,round,train
data\raw\round\round (769).jpg,round,train
data\raw\round\round (60).jpg,round,train
data\raw\round\round (676).jpg,round,train
data\raw\round\round (451).jpg,round,train
data\raw\round\round (225).jpg,round,train
data\raw\round\round (727).jpg,round,train
data\raw\round\round (58).jpg,round,train
data\raw\round\round (228).jpg,round,train
data\raw\round\round (895).jpg,round,train
data\raw\round\round (267).jpg,round,train
data\raw\round\round (205).jpg,round,train
data\raw\round\round (38).jpg,round,train
data\raw\round\round (318).jpg,round,train
data\raw\round\round (206).jpg,round,train
data\raw\round\round (580).jpg,round,train
data\raw\round\round (221).jpg,round,train
data\raw\round\round (753).jpg,round,train
data\raw\round\round (372).jpg,round,train
data\raw\round\round (257).jpg,round,train
data\raw\round\round (901).jpg,round,train
data\raw\round\round (965).jpg,round,train
data\raw\round\round (622).jpg,round,train
data\raw\round\round (583).jpg,round,train
data\raw\round\round (46).jpg,round,train
data\raw\round\round (788).jpg,round,train
data\raw\round\round (387).jpg,round,train
data\raw\round\round (55).jpg,round,train
data\raw\round\round (34).jpg,round,train
data\raw\round\round (694).jpg,round,train
data\raw\round\round (80).jpg,round,train
data\raw\round\round (28).jpg,round,train
data\raw\round\round (713).jpg,round,train
data\raw\round\round (435).jpg,round,train
data\raw\round\round (772).jpg,round,train
data\raw\round\round (775).jpg,round,train
data\raw\round\round (74).jpg,round,train
data\raw\round\round (355).jpg,round,train
data\raw\round\round (288).jpg,round,train
data\raw\round\round (296).jpg,round,train
data\raw\round\round (101).jpg,round,train
data\raw\round\round (784).jpg,round,train
data\raw\round\round (494).jpg,round,train
data\raw\round\round (512).jpg,round,train
data\raw\round\round (280).jpg,round,train
data\raw\round\round (124).jpg,round,train
data\raw\round\round (720).jpg,round,train
data\raw\round\round (975).jpg,round,train
data\raw\round\round (800).jpg,round,train
data\raw\round\round (96).jpg,round,train
data\raw\round\round (471).jpg,round,train
data\raw\round\round (819).jpg,round,train
data\raw\round\round (524).jpg,round,train
data\raw\round\round (491).jpg,round,train
data\raw\round\round (402).jpg,round,train
data\raw\round\round (245).jpg,round,train
data\raw\round\round (877).jpg,round,train
data\raw\round\round (259).jpg,round,train
data\raw\round\round (574).jpg,round,train
data\raw\round\round (891).jpg,round,train
data\raw\round\round (25).jpg,round,train
data\raw\round\round (660).jpg,round,train
data\raw\round\round (627).jpg,round,train
data\raw\round\round (119).jpg,round,train
data\raw\round\round (203).jpg,round,train
data\raw\round\round (657).jpg,round,train
data\raw\round\round (710).jpg,round,train
data\raw\round\round (16).jpg,round,train
data\raw\round\round (703).jpg,round,train
data\raw\round\round (515).jpg,round,train
data\raw\round\round (685).jpg,round,train
data\raw\round\round (188).jpg,round,train
data\raw\round\round (876).jpg,round,train
data\raw\round\round (691).jpg,round,train
data\raw\round\round (719).jpg,round,train
data\raw\round\round (75).jpg,round,train
data\raw\round\round (289).jpg,round,train
data\raw\round\round (935).jpg,round,train
data\raw\round\round (414).jpg,round,train
data\raw\round\round (386).jpg,round,train
data\raw\round\round (419).jpg,round,train
data\raw\round\round (229).jpg,round,train
data\raw\round\round (204).jpg,round,train
data\raw\round\round (661).jpg,round,train
data\raw\round\round (481).jpg,round,train
data\raw\round\round (830).jpg,round,train
data\raw\round\round (195).jpg,round,train
data\raw\round\round (929).jpg,round,train
data\raw\round\round (120).jpg,round,train
data\raw\round\round (416).jpg,round,train
data\raw\round\round (939).jpg,round,train
data\raw\round\round (824).jpg,round,train
data\raw\round\round (525).jpg,round,train
data\raw\round\round (459).jpg,round,train
data\raw\round\round (443).jpg,round,train
data\raw\round\round (509).jpg,round,train
data\raw\round\round (301).jpg,round,train
data\raw\round\round (70).jpg,round,train
data\raw\round\round (633).jpg,round,train
data\raw\round\round (612).jpg,round,train
data\raw\round\round (577).jpg,round,train
data\raw\round\round (569).jpg,round,train
data\raw\round\round (302).jpg,round,train
data\raw\round\round (336).jpg,round,train
data\raw\round\round (820).jpg,round,train
data\raw\round\round (107).jpg,round,train
data\raw\round\round (196).jpg,round,train
data\raw\round\round (949).jpg,round,train
data\raw\round\round (832).jpg,round,train
data\raw\round\round (467).jpg,round,train
data\raw\round\round (617).jpg,round,train
data\raw\round\round (139).jpg,round,train
data\raw\round\round (251).jpg,round,train
data\raw\round\round (425).jpg,round,train
data\raw\round\round (327).jpg,round,train
data\raw\round\round (199).jpg,round,train
data\raw\round\round (797).jpg,round,train
data\raw\round\round (930).jpg,round,train
data\raw\round\round (593).jpg,round,train
data\raw\round\round (777).jpg,round,train
data\raw\round\round (131).jpg,round,train
data\raw\round\round (95).jpg,round,train
data\raw\round\round (484).jpg,round,train
data\raw\round\round (565).jpg,round,train
data\raw\round\round (591).jpg,round,train
data\raw\round\round (468).jpg,round,train
data\raw\round\round (635).jpg,round,train
data\raw\round\round (882).jpg,round,train
data\raw\round\round (76).jpg,round,train
data\raw\round\round (770).jpg,round,train
data\raw\round\round (843).jpg,round,train
data\raw\round\round (878).jpg,round,train
data\raw\round\round (489).jpg,round,train
data\raw\round\round (823).jpg,round,train
data\raw\round\round (900).jpg,round,train
data\raw\round\round (320).jpg,round,train
data\raw\round\round (378).jpg,round,train
data\raw\round\round (745).jpg,round,train
data\raw\round\round (87).jpg,round,train
data\raw\round\round (475).jpg,round,train
data\raw\round\round (161).jpg,round,train
data\raw\round\round (702).jpg,round,train
data\raw\round\round (501).jpg,round,train
data\raw\round\round (291).jpg,round,train
data\raw\round\round (523).jpg,round,train
data\raw\round\round (122).jpg,round,train
data\raw\round\round (980).jpg,round,train
data\raw\round\round (264).jpg,round,train
data\raw\round\round (600).jpg,round,train
data\raw\round\round (644).jpg,round,train
data\raw\round\round (282).jpg,round,train
data\raw\round\round (838).jpg,round,train
data\raw\round\round (202).jpg,round,train
data\raw\round\round (434).jpg,round,train
data\raw\round\round (460).jpg,round,train
data\raw\round\round (853).jpg,round,train
data\raw\round\round (445).jpg,round,train
data\raw\round\round (399).jpg,round,train
data\raw\round\round (751).jpg,round,train
data\raw\round\round (629).jpg,round,train
data\raw\round\round (806).jpg,round,train
data\raw\round\round (682).jpg,round,train
data\raw\round\round (793).jpg,round,train
data\raw\round\round (392).jpg,round,train
data\raw\round\round (91).jpg,round,train
data\raw\round\round (261).jpg,round,train
data\raw\round\round (388).jpg,round,train
data\raw\round\round (54).jpg,round,train
data\raw\round\round (283).jpg,round,train
data\raw\round\round (654).jpg,round,train
data\raw\round\round (394).jpg,round,train
data\raw\round\round (889).jpg,round,train
data\raw\round\round (223).jpg,round,train
data\raw\round\round (728).jpg,round,train
data\raw\round\round (699).jpg,round,train
data\raw\round\round (910).jpg,round,train
data\raw\round\round (406).jpg,round,train
data\raw\round\round (503).jpg,round,train
data\raw\round\round (987).jpg,round,train
data\raw\round\round (747).jpg,round,train
data\raw\round\round (670).jpg,round,train
data\raw\round\round (404).jpg,round,train
data\raw\round\round (463).jpg,round,train
data\raw\round\round (925).jpg,round,train
data\raw\round\round (379).jpg,round,train
data\raw\round\round (222).jpg,round,train
data\raw\round\round (781).jpg,round,train
data\raw\round\round (52).jpg,round,train
data\raw\round\round (988).jpg,round,train
data\raw\round\round (93).jpg,round,train
data\raw\round\round (646).jpg,round,train
data\raw\round\round (555).jpg,round,val
data\raw\round\round (675).jpg,round,val
data\raw\round\round (794).jpg,round,val
data\raw\round\round (33).jpg,round,val
data\raw\round\round (999).jpg,round,val
data\raw\round\round (840).jpg,round,val
data\raw\round\round (544).jpg,round,val
data\raw\round\round (84).jpg,round,val
data\raw\round\round (487).jpg,round,val
data\raw\round\round (352).jpg,round,val
data\raw\round\round (5).jpg,round,val
data\raw\round\round (252).jpg,round,val
data\raw\round\round (156).jpg,round,val
data\raw\round\round (998).jpg,round,val
data\raw\round\round (552).jpg,round,val
data\raw\round\round (790).jpg,round,val
data\raw\round\round (376).jpg,round,val
data\raw\round\round (346).jpg,round,val
data\raw\round\round (226).jpg,round,val
data\raw\round\round (749).jpg,round,val
data\raw\round\round (789).jpg,round,val
data\raw\round\round (978).jpg,round,val
data\raw\round\round (964).jpg,round,val
data\raw\round\round (579).jpg,round,val
data\raw\round\round (625).jpg,round,val
data\raw\round\round (321).jpg,round,val
data\raw\round\round (613).jpg,round,val
data\raw\round\round (176).jpg,round,val
data\raw\round\round (456).jpg,round,val
data\raw\round\round (48).jpg,round,val
data\raw\round\round (367).jpg,round,val
data\raw\round\round (921).jpg,round,val
data\raw\round\round (453).jpg,round,val
data\raw\round\round (398).jpg,round,val
data\raw\round\round (65).jpg,round,val
data\raw\round\round (649).jpg,round,val
data\raw\round\round (886).jpg,round,val
data\raw\round\round (609).jpg,round,val
data\raw\round\round (9).jpg,round,val
data\raw\round\round (180).jpg,round,val
data\raw\round\round (121).jpg,round,val
data\raw\round\round (193).jpg,round,val
data\raw\round\round (474).jpg,round,val
data\raw\round\round (570).jpg,round,val
data\raw\round\round (61).jpg,round,val
data\raw\round\round (611).jpg,round,train
data\raw\round\round (511).jpg,round,val
data\raw\round\round (496).jpg,round,val
data\raw\round\round (270).jpg,round,val
data\raw\round\round (179).jpg,round,val
data\raw\round\round (22).jpg,round,val
data\raw\round\round (192).jpg,round,val
data\raw\round\round (347).jpg,round,val
data\raw\round\round (43).jpg,round,val
data\raw\round\round (508).jpg,round,val
data\raw\round\round (382).jpg,round,val
data\raw\round\round (102).jpg,round,val
data\raw\round\round (182).jpg,round,val
data\raw\round\round (908).jpg,round,val
data\raw\round\round (430).jpg,round,val
data\raw\round\round (390).jpg,round,val
data\raw\round\round (835).jpg,round,val
data\raw\round\round (83).jpg,round,val
data\raw\round\round (79).jpg,round,val
data\raw\round\round (809).jpg,round,val
data\raw\round\round (754).jpg,round,val
data\raw\round\round (798).jpg,round,val
data\raw\round\round (24).jpg,round,val
data\raw\round\round (345).jpg,round,val
data\raw\round\round (870).jpg,round,val
data\raw\round\round (166).jpg,round,val
data\raw\round\round (756).jpg,round,val
data\raw\round\round (325).jpg,round,val
data\raw\round\round (99).jpg,round,val
data\raw\round\round (669).jpg,round,val
data\raw\round\round (177).jpg,round,val
data\raw\round\round (449).jpg,round,val
data\raw\round\round (707).jpg,round,val
data\raw\round\round (638).jpg,round,val
data\raw\round\round (725).jpg,round,val
data\raw\round\round (27).jpg,round,val
data\raw\round\round (497).jpg,round,val
data\raw\round\round (444).jpg,round,val
data\raw\round\round (995).jpg,round,val
data\raw\round\round (426).jpg,round,val
data\raw\round\round (308).jpg,round,val
data\raw\round\round (97).jpg,round,val
data\raw\round\round (513).jpg,round,val
data\raw\round\round (35).jpg,round,val
data\raw\round\round (683).jpg,round,val
data\raw\round\round (125).jpg,round,val
data\raw\round\round (4).jpg,round,val
data\raw\round\round (811).jpg,round,val
data\raw\round\round (897).jpg,round,val
data\raw\round\round (647).jpg,round,val
data\raw\round\round (664).jpg,round,val
data\raw\round\round (807).jpg,round,val
data\raw\round\round (656).jpg,round,val
data\raw\round\round (411).jpg,round,val
data\raw\round\round (168).jpg,round,val
data\raw\round\round (311).jpg,round,val
data\raw\round\round (500).jpg,round,val
data\raw\round\round (189).jpg,round,val
data\raw\round\round (147).jpg,round,val
data\raw\round\round (417).jpg,round,val
data\raw\round\round (786).jpg,round,val
data\raw\round\round (56).jpg,round,val
data\raw\round\round (896).jpg,round,val
data\raw\round\round (766).jpg,round,val
data\raw\round\round (733).jpg,round,val
data\raw\round\round (827).jpg,round,val
data\raw\round\round (963).jpg,round,val
data\raw\round\round (970).jpg,round,val
data\raw\round\round (795).jpg,round,val
data\raw\round\round (452).jpg,round,val
data\raw\round\round (866).jpg,round,val
data\raw\round\round (597).jpg,round,val
data\raw\round\round (722).jpg,round,val
data\raw\round\round (457).jpg,round,val
data\raw\round\round (859).jpg,round,val
data\raw\round\round (904).jpg,round,val
data\raw\round\round (851).jpg,round,val
data\raw\round\round (248).jpg,round,val
data\raw\round\round (374).jpg,round,val
data\raw\round\round (169).jpg,round,val
data\raw\round\round (465).jpg,round,val
data\raw\round\round (755).jpg,round,val
data\raw\round\round (792).jpg,round,val
data\raw\round\round (230).jpg,round,val
data\raw\round\round (64).jpg,round,val
data\raw\round\round (29).jpg,round,val
data\raw\round\round (926).jpg,round,val
data\raw\round\round (389).jpg,round,val
data\raw\round\round (909).jpg,round,val
data\raw\round\round (128).jpg,round,val
data\raw\round\round (704).jpg,round,val
data\raw\round\round (618).jpg,round,val
data\raw\round\round (6).jpg,round,val
data\raw\round\round (357).jpg,round,val
data\raw\round\round (888).jpg,round,val
data\raw\round\round (950).jpg,round,val
data\raw\round\round (140).jpg,round,val
data\raw\round\round (348).jpg,round,val
data\raw\round\round (536).jpg,round,val
data\raw\round\round (620).jpg,round,val
data\raw\round\round (736).jpg,round,val
data\raw\round\round (293).jpg,round,val
data\raw\round\round (986).jpg,round,val
data\raw\round\round (137).jpg,round,val
data\raw\round\round (585).jpg,round,val
data\raw\round\round (186).jpg,round,test
data\raw\round\round (62).jpg,round,test
data\raw\round\round (403).jpg,round,test
data\raw\round\round (821).jpg,round,test
data\raw\round\round (693).jpg,round,test
data\raw\round\round (499).jpg,round,test
data\raw\round\round (981).jpg,round,test
data\raw\round\round (174).jpg,round,test
data\raw\round\round (256).jpg,round,test
data\raw\round\round (746).jpg,round,test
data\raw\round\round (938).jpg,round,test
data\raw\round\round (686).jpg,round,test
data\raw\round\round (15).jpg,round,test
data\raw\round\round (537).jpg,round,test
data\raw\round\round (607).jpg,round,test
data\raw\round\round (446).jpg,round,test
data\raw\round\round (985).jpg,round,test
data\raw\round\round (894).jpg,round,test
data\raw\round\round (184).jpg,round,test
data\raw\round\round (127).jpg,round,test
data\raw\round\round (799).jpg,round,test
data\raw\round\round (698).jpg,round,test
data\raw\round\round (700).jpg,round,test
data\raw\round\round (172).jpg,round,test
data\raw\round\round (880).jpg,round,test
data\raw\round\round (861).jpg,round,test
data\raw\round\round (729).jpg,round,test
data\raw\round\round (375).jpg,round,test
data\raw\round\round (306).jpg,round,test
data\raw\round\round (740).jpg,round,test
data\raw\round\round (322).jpg,round,test
data\raw\round\round (619).jpg,round,test
data\raw\round\round (521).jpg,round,test
data\raw\round\round (472).jpg,round,test
data\raw\round\round (934).jpg,round,test
data\raw\round\round (170).jpg,round,test
data\raw\round\round (464).jpg,round,test
data\raw\round\round (966).jpg,round,test
data\raw\round\round (344).jpg,round,test
data\raw\round\round (424).jpg,round,test
data\raw\round\round (85).jpg,round,test
data\raw\round\round (330).jpg,round,test
data\raw\round\round (584).jpg,round,test
data\raw\round\round (67).jpg,round,test
data\raw\round\round (275).jpg,round,test
data\raw\round\round (32).jpg,round,test
data\raw\round\round (235).jpg,round,test
data\raw\round\round (954).jpg,round,test
data\raw\round\round (187).jpg,round,test
data\raw\round\round (197).jpg,round,test
data\raw\round\round (263).jpg,round,test
data\raw\round\round (841).jpg,round,test
data\raw\round\round (495).jpg,round,test
data\raw\round\round (72).jpg,round,test
data\raw\round\round (741).jpg,round,test
data\raw\round\round (848).jpg,round,test
data\raw\round\round (561).jpg,round,test
data\raw\round\round (920).jpg,round,test
data\raw\round\round (362).jpg,round,test
data\raw\round\round (592).jpg,round,test
data\raw\round\round (351).jpg,round,test
data\raw\round\round (764).jpg,round,test
data\raw\round\round (587).jpg,round,test
data\raw\round\round (113).jpg,round,test
data\raw\round\round (109).jpg,round,test
data\raw\round\round (478).jpg,round,test
data\raw\round\round (606).jpg,round,test
data\raw\round\round (589).jpg,round,test
data\raw\round\round (946).jpg,round,test
data\raw\round\round (997).jpg,round,test
data\raw\round\round (548).jpg,round,test
data\raw\round\round (706).jpg,round,test
data\raw\round\round (543).jpg,round,test
data\raw\round\round (667).jpg,round,test
data\raw\round\round (712).jpg,round,test
data\raw\round\round (687).jpg,round,test
data\raw\round\round (668).jpg,round,train
data\raw\round\round (153).jpg,round,test
data\raw\round\round (442).jpg,round,test
data\raw\round\round (518).jpg,round,test
data\raw\round\round (564).jpg,round,test
data\raw\round\round (3).jpg,round,test
data\raw\round\round (106).jpg,round,test
data\raw\round\round (237).jpg,round,test
data\raw\round\round (750).jpg,round,test
data\raw\round\round (160).jpg,round,test
data\raw\round\round (310).jpg,round,test
data\raw\round\round (68).jpg,round,test
data\raw\round\round (875).jpg,round,test
data\raw\round\round (224).jpg,round,test
data\raw\round\round (479).jpg,round,test
data\raw\round\round (103).jpg,round,test
data\raw\round\round (802).jpg,round,test
data\raw\round\round (142).jpg,round,test
data\raw\round\round (714).jpg,round,test
data\raw\round\round (852).jpg,round,test
data\raw\round\round (167).jpg,round,test
data\raw\round\round (88).jpg,round,test
data\raw\round\round (872).jpg,round,test
data\raw\round\round (129).jpg,round,test
data\raw\round\round (581).jpg,round,test
data\raw\round\round (152).jpg,round,test
data\raw\round\round (971).jpg,round,test
data\raw\round\round (599).jpg,round,test
data\raw\round\round (918).jpg,round,test
data\raw\round\round (943).jpg,round,test
data\raw\round\round (268).jpg,round,test
data\raw\round\round (973).jpg,round,test
data\raw\round\round (601).jpg,round,test
data\raw\round\round (991).jpg,round,test
data\raw\round\round (227).jpg,round,test
data\raw\round\round (254).jpg,round,test
data\raw\round\round (422).jpg,round,test
data\raw\round\round (831).jpg,round,test
data\raw\round\round (774).jpg,round,test
data\raw\round\round (253).jpg,round,test
data\raw\round\round (522).jpg,round,test
data\raw\round\round (550).jpg,round,test
data\raw\round\round (780).jpg,round,test
data\raw\round\round (690).jpg,round,test
data\raw\round\round (765).jpg,round,test
data\raw\round\round (549).jpg,round,test
data\raw\round\round (856).jpg,round,test
data\raw\round\round (801).jpg,round,test
data\raw\round\round (335).jpg,round,test
data\raw\round\round (409).jpg,round,test
data\raw\round\round (73).jpg,round,test
data\raw\round\round (969).jpg,round,test
data\raw\round\round (701).jpg,round,test
data\raw\round\round (605).jpg,round,test
data\raw\round\round (559).jpg,round,test
data\raw\round\round (324).jpg,round,test
data\raw\round\round (867).jpg,round,test
data\raw\round\round (623).jpg,round,test
data\raw\round\round (448).jpg,round,test
data\raw\round\round (31).jpg,round,test
data\raw\round\round (401).jpg,round,test
data\raw\round\round (279).jpg,round,test
data\raw\round\round (239).jpg,round,test
data\raw\round\round (370).jpg,round,test
data\raw\round\round (483).jpg,round,test
data\raw\round\round (762).jpg,round,test
data\raw\round\round (632).jpg,round,test
data\raw\round\round (637).jpg,round,test
data\raw\round\round (960).jpg,round,test
data\raw\round\round (608).jpg,round,test
data\raw\round\round (339).jpg,round,test
data\raw\round\round (112).jpg,round,test
data\raw\round\round (232).jpg,round,test
data\raw\round\round (782).jpg,round,test
data\raw\square\square (72).jpg,square,train
data\raw\square\square (890).jpg,square,train
data\raw\square\square (929).jpg,square,train
data\raw\square\square (799).jpg,square,train
data\raw\square\square (743).jpg,square,train
data\raw\square\square (363).jpg,square,train
data\raw\square\square (226).jpg,square,train
data\raw\square\square (174).jpg,square,train
data\raw\square\square (96).jpg,square,train
data\raw\square\square (868).jpg,square,train
data\raw\square\square (974).jpg,square,train
data\raw\square\square (46).jpg,square,train
data\raw\square\square (513).jpg,square,train
data\raw\square\square (119).jpg,square,train
data\raw\square\square (676).jpg,square,train
data\raw\square\square (265).jpg,square,train
data\raw\square\square (262).jpg,square,train
data\raw\square\square (684).jpg,square,train
data\raw\square\square (566).jpg,square,train
data\raw\square\square (593).jpg,square,train
data\raw\square\square (619).jpg,square,train
data\raw\square\square (915).jpg,square,train
data\raw\square\square (402).jpg,square,train
data\raw\square\square (231).jpg,square,train
data\raw\square\square (557).jpg,square,train
data\raw\square\square (671).jpg,square,train
data\raw\square\square (205).jpg,square,train
data\raw\square\square (674).jpg,square,train
data\raw\square\square (380).jpg,square,train
data\raw\square\square (795).jpg,square,train
data\raw\square\square (510).jpg,square,train
data\raw\square\square (23).jpg,square,train
data\raw\square\square (516).jpg,square,train
data\raw\square\square (432).jpg,square,train
data\raw\square\square (505).jpg,square,train
data\raw\square\square (518).jpg,square,train
data\raw\square\square (400).jpg,square,train
data\raw\square\square (620).jpg,square,train
data\raw\square\square (49).jpg,square,train
data\raw\square\square (341).jpg,square,train
data\raw\square\square (932).jpg,square,train
data\raw\square\square (753).jpg,square,train
data\raw\square\square (807).jpg,square,train
data\raw\square\square (614).jpg,square,train
data\raw\square\square (506).jpg,square,train
data\raw\square\square (58).jpg,square,train
data\raw\square\square (596).jpg,square,train
data\raw\square\square (105).jpg,square,train
data\raw\square\square (300).jpg,square,train
data\raw\square\square (43).jpg,square,train
data\raw\square\square (940).jpg,square,train
data\raw\square\square (81).jpg,square,train
data\raw\square\square (891).jpg,square,train
data\raw\square\square (628).jpg,square,train
data\raw\square\square (138).jpg,square,train
data\raw\square\square (12).jpg,square,train
data\raw\square\square (410).jpg,square,train
data\raw\square\square (901).jpg,square,train
data\raw\square\square (878).jpg,square,train
data\raw\square\square (452).jpg,square,train
data\raw\square\square (879).jpg,square,train
data\raw\square\square (104).jpg,square,train
data\raw\square\square (888).jpg,square,train
data\raw\square\square (726).jpg,square,train
data\raw\square\square (140).jpg,square,train
data\raw\square\square (955).jpg,square,train
data\raw\square\square (414).jpg,square,train
data\raw\square\square (149).jpg,square,train
data\raw\square\square (203).jpg,square,train
data\raw\square\square (206).jpg,square,train
data\raw\square\square (117).jpg,square,train
data\raw\square\square (113).jpg,square,train
data\raw\square\square (394).jpg,square,train
data\raw\square\square (318).jpg,square,train
data\raw\square\square (572).jpg,square,train
data\raw\square\square (189).jpg,square,train
data\raw\square\square (249).jpg,square,train
data\raw\square\square (600).jpg,square,train
data\raw\square\square (517).jpg,square,train
data\raw\square\square (85).jpg,square,train
data\raw\square\square (2).jpg,square,train
data\raw\square\square (907).jpg,square,train
data\raw\square\square (841).jpg,square,train
data\raw\square\square (103).jpg,square,train
data\raw\square\square (908).jpg,square,train
data\raw\square\square (519).jpg,square,train
data\raw\square\square (866).jpg,square,train
data\raw\square\square (692).jpg,square,train
data\raw\square\square (33).JPG,square,train
data\raw\square\square (553).jpg,square,train
data\raw\square\square (771).jpg,square,train
data\raw\square\square (977).jpg,square,train
data\raw\square\square (362).jpg,square,train
data\raw\square\square (705).jpg,square,train
data\raw\square\square (240).jpg,square,train
data\raw\square\square (903).jpg,square,train
data\raw\square\square (594).jpg,square,train
data\raw\square\square (698).jpg,square,train
data\raw\square\square (366).jpg,square,train
data\raw\square\square (700).jpg,square,train
data\raw\square\square (736).jpg,square,train
data\raw\square\square (466).jpg,square,train
data\raw\square\square (320).jpg,square,train
data\raw\square\square (634).jpg,square,train
data\raw\square\square (770).jpg,square,train
data\raw\square\square (938).jpg,square,train
data\raw\square\square (538).jpg,square,train
data\raw\square\square (409).jpg,square,train
data\raw\square\square (310).jpg,square,train
data\raw\square\square (65).jpg,square,train
data\raw\square\square (211).jpg,square,train
data\raw\square\square (973).jpg,square,train
data\raw\square\square (568).jpg,square,train
data\raw\square\square (322).jpg,square,train
data\raw\square\square (131).jpg,square,train
data\raw\square\square (591).jpg,square,train
data\raw\square\square (904).jpg,square,train
data\raw\square\square (319).jpg,square,train
data\raw\square\square (752).jpg,square,train
data\raw\square\square (893).jpg,square,train
data\raw\square\square (232).jpg,square,train
data\raw\square\square (661).jpg,square,train
data\raw\square\square (706).jpg,square,train
data\raw\square\square (785).jpg,square,train
data\raw\square\square (745).jpg,square,train
data\raw\square\square (433).jpg,square,train
data\raw\square\square (683).jpg,square,train
data\raw\square\square (365).jpg,square,train
data\raw\square\square (247).jpg,square,train
data\raw\square\square (163).jpg,square,train
data\raw\square\square (820).jpg,square,train
data\raw\square\square (729).jpg,square,train
data\raw\square\square (304).jpg,square,train
data\raw\square\square (222).jpg,square,train
data\raw\square\square (806).jpg,square,train
data\raw\square\square (481).jpg,square,train
data\raw\square\square (47).jpg,square,train
data\raw\square\square (53).jpg,square,train
data\raw\square\square (675).jpg,square,train
data\raw\square\square (656).jpg,square,train
data\raw\square\square (100).jpg,square,train
data\raw\square\square (405).jpg,square,train
data\raw\square\square (133).jpg,square,train
data\raw\square\square (531).jpg,square,train
data\raw\square\square (156).jpg,square,train
data\raw\square\square (417).jpg,square,train
data\raw\square\square (3).jpg,square,train
data\raw\square\square (371).jpg,square,train
data\raw\square\square (353).jpg,square,train
data\raw\square\square (716).jpg,square,train
data\raw\square\square (385).jpg,square,train
data\raw\square\square (435).jpg,square,train
data\raw\square\square (677).jpg,square,train
data\raw\square\square (64).jpg,square,train
data\raw\square\square (921).jpg,square,train
data\raw\square\square (325).jpg,square,train
data\raw\square\square (567).jpg,square,train
data\raw\square\square (35).jpg,square,train
data\raw\square\square (359).jpg,square,train
data\raw\square\square (983).jpg,square,train
data\raw\square\square (624).jpg,square,train
data\raw\square\square (401).jpg,square,train
data\raw\square\square (663).jpg,square,train
data\raw\square\square (681).jpg,square,train
data\raw\square\square (793).jpg,square,train
data\raw\square\square (446).jpg,square,train
data\raw\square\square (102).jpg,square,train
data\raw\square\square (660).jpg,square,train
data\raw\square\square (551).jpg,square,train
data\raw\square\square (279).jpg,square,train
data\raw\square\square (150).jpg,square,train
data\raw\square\square (541).jpg,square,train
data\raw\square\square (298).jpg,square,train
data\raw\square\square (348).jpg,square,train
data\raw\square\square (376).jpg,square,train
data\raw\square\square (180).jpg,square,train
data\raw\square\square (652).jpg,square,train
data\raw\square\square (364).jpg,square,train
data\raw\square\square (947).jpg,square,train
data\raw\square\square (521).jpg,square,train
data\raw\square\square (774).jpg,square,train
data\raw\square\square (9).jpg,square,train
data\raw\square\square (219).jpg,square,train
data\raw\square\square (387).jpg,square,train
data\raw\square\square (826).jpg,square,train
data\raw\square\square (526).jpg,square,train
data\raw\square\square (934).jpg,square,train
data\raw\square\square (960).jpg,square,train
data\raw\square\square (809).jpg,square,train
data\raw\square\square (472).jpg,square,train
data\raw\square\square (136).jpg,square,train
data\raw\square\square (169).jpg,square,train
data\raw\square\square (608).jpg,square,train
data\raw\square\square (213).jpg,square,train
data\raw\square\square (295).jpg,square,train
data\raw\square\square (632).jpg,square,train
data\raw\square\square (962).jpg,square,train
data\raw\square\square (712).jpg,square,train
data\raw\square\square (939).jpg,square,train
data\raw\square\square (585).jpg,square,train
data\raw\square\square (978).jpg,square,train
data\raw\square\square (995).jpg,square,train
data\raw\square\square (554).jpg,square,train
data\raw\square\square (659).jpg,square,train
data\raw\square\square (294).jpg,square,train
data\raw\square\square (254).jpg,square,train
data\raw\square\square (469).jpg,square,train
data\raw\square\square (141).jpg,square,train
data\raw\square\square (690).jpg,square,train
data\raw\square\square (272).jpg,square,train
data\raw\square\square (172).jpg,square,train
data\raw\square\square (404).jpg,square,train
data\raw\square\square (668).jpg,square,train
data\raw\square\square (267).jpg,square,train
data\raw\square\square (880).jpg,square,train
data\raw\square\square (998).jpg,square,train
data\raw\square\square (106).jpg,square,train
data\raw\square\square (61).jpg,square,train
data\raw\square\square (721).jpg,square,train
data\raw\square\square (95).jpg,square,train
data\raw\square\square (299).jpg,square,train
data\raw\square\square (56).jpg,square,train
data\raw\square\square (738).jpg,square,train
data\raw\square\square (406).jpg,square,train
data\raw\square\square (645).jpg,square,train
data\raw\square\square (350).jpg,square,train
data\raw\square\square (486).jpg,square,train
data\raw\square\square (761).jpg,square,train
data\raw\square\square (457).jpg,square,train
data\raw\square\square (923).jpg,square,train
data\raw\square\square (28).jpg,square,train
data\raw\square\square (984).jpg,square,train
data\raw\square\square (134).jpg,square,train
data\raw\square\square (897).jpg,square,train
data\raw\square\square (230).jpg,square,train
data\raw\square\square (782).jpg,square,train
data\raw\square\square (384).jpg,square,train
data\raw\square\square (941).jpg,square,train
data\raw\square\square (146).jpg,square,train
data\raw\square\square (332).jpg,square,train
data\raw\square\square (436).jpg,square,train
data\raw\square\square (942).jpg,square,train
data\raw\square\square (69).jpg,square,train
data\raw\square\square (244).jpg,square,train
data\raw\square\square (38).jpg,square,train
data\raw\square\square (354).jpg,square,train
data\raw\square\square (79).jpg,square,train
data\raw\square\square (175).jpg,square,train
data\raw\square\square (911).jpg,square,train
data\raw\square\square (678).jpg,square,train
data\raw\square\square (278).jpg,square,train
data\raw\square\square (445).jpg,square,train
data\raw\square\square (373).jpg,square,train
data\raw\square\square (94).jpg,square,train
data\raw\square\square (579).jpg,square,train
data\raw\square\square (542).jpg,square,train
data\raw\square\square (309).jpg,square,train
data\raw\square\square (431).jpg,square,train
data\raw\square\square (857).jpg,square,train
data\raw\square\square (961).jpg,square,train
data\raw\square\square (161).jpg,square,train
data\raw\square\square (168).jpg,square,train
data\raw\square\square (622).jpg,square,train
data\raw\square\square (631).jpg,square,train
data\raw\square\square (39).jpg,square,train
data\raw\square\square (274).jpg,square,train
data\raw\square\square (153).jpg,square,train
data\raw\square\square (329).jpg,square,train
data\raw\square\square (926).jpg,square,train
data\raw\square\square (36).jpg,square,train
data\raw\square\square (130).jpg,square,train
data\raw\square\square (122).jpg,square,train
data\raw\square\square (314).jpg,square,train
data\raw\square\square (762).jpg,square,train
data\raw\square\square (797).jpg,square,train
data\raw\square\square (642).jpg,square,train
data\raw\square\square (74).jpg,square,train
data\raw\square\square (999).jpg,square,train
data\raw\square\square (971).jpg,square,train
data\raw\square\square (292).jpg,square,train
data\raw\square\square (733).jpg,square,train
data\raw\square\square (689).jpg,square,train
data\raw\square\square (871).jpg,square,train
data\raw\square\square (636).jpg,square,train
data\raw\square\square (50).jpg,square,train
data\raw\square\square (772).jpg,square,train
data\raw\square\square (724).jpg,square,train
data\raw\square\square (850).jpg,square,train
data\raw\square\square (378).jpg,square,train
data\raw\square\square (157).jpg,square,train
data\raw\square\square (595).jpg,square,train
data\raw\square\square (696).jpg,square,train
data\raw\square\square (588).jpg,square,train
data\raw\square\square (814).jpg,square,train
data\raw\square\square (355).jpg,square,train
data\raw\square\square (792).jpg,square,train
data\raw\square\square (704).jpg,square,train
data\raw\square\square (483).jpg,square,train
data\raw\square\square (263).jpg,square,train
data\raw\square\square (529).jpg,square,train
data\raw\square\square (344).jpg,square,train
data\raw\square\square (438).jpg,square,train
data\raw\square\square (256).jpg,square,train
data\raw\square\square (186).jpg,square,train
data\raw\square\square (495).jpg,square,train
data\raw\square\square (63).jpg,square,train
data\raw\square\square (114).jpg,square,train
data\raw\square\square (277).jpg,square,train
data\raw\square\square (970).jpg,square,train
data\raw\square\square (701).jpg,square,train
data\raw\square\square (493).jpg,square,train
data\raw\square\square (562).jpg,square,train
data\raw\square\square (933).jpg,square,train
data\raw\square\square (11).jpg,square,train
data\raw\square\square (162).jpg,square,train
data\raw\square\square (811).jpg,square,train
data\raw\square\square (482).jpg,square,train
data\raw\square\square (423).jpg,square,train
data\raw\square\square (474).jpg,square,train
data\raw\square\square (725).jpg,square,train
data\raw\square\square (638).jpg,square,train
data\raw\square\square (944).jpg,square,train
data\raw\square\square (578).jpg,square,train
data\raw\square\square (398).jpg,square,train
data\raw\square\square (767).jpg,square,train
data\raw\square\square (574).jpg,square,train
data\raw\square\square (682).jpg,square,train
data\raw\square\square (544).jpg,square,train
data\raw\square\square (881).jpg,square,train
data\raw\square\square (127).jpg,square,train
data\raw\square\square (956).jpg,square,train
data\raw\square\square (640).jpg,square,train
data\raw\square\square (886).jpg,square,train
data\raw\square\square (714).jpg,square,train
data\raw\square\square (42).jpg,square,train
data\raw\square\square (930).jpg,square,train
data\raw\square\square (669).jpg,square,train
data\raw\square\square (832).jpg,square,train
data\raw\square\square (870).jpg,square,train
data\raw\square\square (333).jpg,square,train
data\raw\square\square (75).jpg,square,train
data\raw\square\square (145).jpg,square,train
data\raw\square\square (368).jpg,square,train
data\raw\square\square (488).jpg,square,train
data\raw\square\square (386).jpg,square,train
data\raw\square\square (927).jpg,square,train
data\raw\square\square (606).jpg,square,train
data\raw\square\square (776).jpg,square,train
data\raw\square\square (966).jpg,square,train
data\raw\square\square (7).jpg,square,train
data\raw\square\square (31).jpg,square,train
data\raw\square\square (739).jpg,square,train
data\raw\square\square (784).jpg,square,train
data\raw\square\square (836).jpg,square,train
data\raw\square\square (467).jpg,square,train
data\raw\square\square (828).jpg,square,train
data\raw\square\square (239).jpg,square,train
data\raw\square\square (899).jpg,square,train
data\raw\square\square (581).jpg,square,train
data\raw\square\square (200).jpg,square,train
data\raw\square\square (815).jpg,square,train
data\raw\square\square (375).jpg,square,train
data\raw\square\square (490).jpg,square,train
data\raw\square\square (437).jpg,square,train
data\raw\square\square (159).jpg,square,train
data\raw\square\square (453).jpg,square,train
data\raw\square\square (101).jpg,square,train
data\raw\square\square (412).jpg,square,train
data\raw\square\square (916).jpg,square,train
data\raw\square\square (699).jpg,square,train
data\raw\square\square (287).jpg,square,train
data\raw\square\square (57).jpg,square,train
data\raw\square\square (504).jpg,square,train
data\raw\square\square (193).jpg,square,train
data\raw\square\square (86).jpg,square,train
data\raw\square\square (565).jpg,square,train
data\raw\square\square (763).jpg,square,train
data\raw\square\square (757).jpg,square,train
data\raw\square\square (197).jpg,square,train
data\raw\square\square (623).jpg,square,train
data\raw\square\square (449).jpg,square,train
data\raw\square\square (470).jpg,square,train
data\raw\square\square (582).jpg,square,train
data\raw\square\square (497).jpg,square,train
data\raw\square\square (758).jpg,square,train
data\raw\square\square (14).jpg,square,train
data\raw\square\square (603).jpg,square,train
data\raw\square\square (443).jpg,square,train
data\raw\square\square (217).jpg,square,train
data\raw\square\square (801).jpg,square,train
data\raw\square\square (555).jpg,square,train
data\raw\square\square (732).jpg,square,train
data\raw\square\square (569).jpg,square,train
data\raw\square\square (369).jpg,square,train
data\raw\square\square (794).jpg,square,train
data\raw\square\square (707).jpg,square,train
data\raw\square\square (735).jpg,square,train
data\raw\square\square (822).jpg,square,train
data\raw\square\square (323).jpg,square,train
data\raw\square\square (982).jpg,square,train
data\raw\square\square (82).jpg,square,train
data\raw\square\square (111).jpg,square,train
data\raw\square\square (708).jpg,square,train
data\raw\square\square (607).jpg,square,train
data\raw\square\square (720).jpg,square,train
data\raw\square\square (281).jpg,square,train
data\raw\square\square (330).jpg,square,train
data\raw\square\square (311).jpg,square,train
data\raw\square\square (268).jpg,square,train
data\raw\square\square (849).jpg,square,train
data\raw\square\square (19).jpg,square,train
data\raw\square\square (92).jpg,square,train
data\raw\square\square (825).jpg,square,train
data\raw\square\square (530).jpg,square,train
data\raw\square\square (308).jpg,square,train
data\raw\square\square (112).jpg,square,train
data\raw\square\square (212).jpg,square,train
data\raw\square\square (124).jpg,square,train
data\raw\square\square (59).jpg,square,train
data\raw\square\square (647).jpg,square,train
data\raw\square\square (831).jpg,square,train
data\raw\square\square (110).jpg,square,train
data\raw\square\square (360).jpg,square,train
data\raw\square\square (34).jpg,square,train
data\raw\square\square (458).jpg,square,train
data\raw\square\square (70).jpg,square,train
data\raw\square\square (665).jpg,square,train
data\raw\square\square (331).jpg,square,train
data\raw\square\square (80).jpg,square,train
data\raw\square\square (52).jpg,square,train
data\raw\square\square (723).jpg,square,train
data\raw\square\square (171).jpg,square,train
data\raw\square\square (750).jpg,square,train
data\raw\square\square (335).jpg,square,train
data\raw\square\square (791).jpg,square,train
data\raw\square\square (477).jpg,square,train
data\raw\square\square (615).jpg,square,train
data\raw\square\square (589).jpg,square,train
data\raw\square\square (448).jpg,square,train
data\raw\square\square (55).jpg,square,train
data\raw\square\square (787).jpg,square,train
data\raw\square\square (286).jpg,square,train
data\raw\square\square (855).jpg,square,train
data\raw\square\square (560).jpg,square,train
data\raw\square\square (535).jpg,square,train
data\raw\square\square (917).jpg,square,train
data\raw\square\square (613).jpg,square,train
data\raw\square\square (746).jpg,square,train
data\raw\square\square (790).jpg,square,train
data\raw\square\square (290).jpg,square,train
data\raw\square\square (755).jpg,square,train
data\raw\square\square (920).jpg,square,train
data\raw\square\square (670).jpg,square,train
data\raw\square\square (479).jpg,square,train
data\raw\square\square (840).jpg,square,train
data\raw\square\square (719).jpg,square,train
data\raw\square\square (440).jpg,square,train
data\raw\square\square (563).jpg,square,train
data\raw\square\square (573).jpg,square,train
data\raw\square\square (202).jpg,square,train
data\raw\square\square (877).jpg,square,train
data\raw\square\square (666).jpg,square,train
data\raw\square\square (673).jpg,square,train
data\raw\square\square (419).jpg,square,train
data\raw\square\square (494).jpg,square,train
data\raw\square\square (859).jpg,square,train
data\raw\square\square (487).jpg,square,train
data\raw\square\square (912).jpg,square,train
data\raw\square\square (965).jpg,square,train
data\raw\square\square (238).jpg,square,train
data\raw\square\square (570).jpg,square,train
data\raw\square\square (475).jpg,square,train
data\raw\square\square (922).jpg,square,train
data\raw\square\square (107).jpg,square,train
data\raw\square\square (27).jpg,square,train
data\raw\square\square (586).jpg,square,train
data\raw\square\square (221).jpg,square,train
data\raw\square\square (522).jpg,square,train
data\raw\square\square (648).jpg,square,train
data\raw\square\square (902).jpg,square,train
data\raw\square\square (120).jpg,square,train
data\raw\square\square (207).jpg,square,train
data\raw\square\square (416).jpg,square,train
data\raw\square\square (250).jpg,square,train
data\raw\square\square (715).jpg,square,train
data\raw\square\square (508).jpg,square,train
data\raw\square\square (892).jpg,square,train
data\raw\square\square (546).jpg,square,train
data\raw\square\square (283).jpg,square,train
data\raw\square\square (710).jpg,square,train
data\raw\square\square (876).jpg,square,train
data\raw\square\square (548).jpg,square,train
data\raw\square\square (781).jpg,square,train
data\raw\square\square (164).jpg,square,train
data\raw\square\square (577).jpg,square,train
data\raw\square\square (225).jpg,square,train
data\raw\square\square (178).jpg,square,train
data\raw\square\square (839).jpg,square,train
data\raw\square\square (798).jpg,square,train
data\raw\square\square (945).jpg,square,train
data\raw\square\square (559).jpg,square,train
data\raw\square\square (321).jpg,square,train
data\raw\square\square (937).jpg,square,train
data\raw\square\square (275).jpg,square,train
data\raw\square\square (22).jpg,square,train
data\raw\square\square (655).jpg,square,train
data\raw\square\square (502).jpg,square,train
data\raw\square\square (87).jpg,square,train
data\raw\square\square (611).jpg,square,train
data\raw\square\square (345).jpg,square,train
data\raw\square\square (66).jpg,square,train
data\raw\square\square (361).jpg,square,train
data\raw\square\square (657).jpg,square,train
data\raw\square\square (964).jpg,square,train
data\raw\square\square (810).jpg,square,train
data\raw\square\square (576).jpg,square,train
data\raw\square\square (236).jpg,square,train
data\raw\square\square (480).jpg,square,train
data\raw\square\square (201).jpg,square,train
data\raw\square\square (90).jpg,square,train
data\raw\square\square (910).jpg,square,train
data\raw\square\square (520).jpg,square,train
data\raw\square\square (352).jpg,square,train
data\raw\square\square (399).jpg,square,train
data\raw\square\square (464).jpg,square,train
data\raw\square\square (800).jpg,square,train
data\raw\square\square (813).jpg,square,train
data\raw\square\square (16).jpg,square,train
data\raw\square\square (71).jpg,square,train
data\raw\square\square (336).jpg,square,train
data\raw\square\square (760).jpg,square,train
data\raw\square\square (768).jpg,square,train
data\raw\square\square (990).jpg,square,train
data\raw\square\square (651).jpg,square,train
data\raw\square\square (489).jpg,square,train
data\raw\square\square (882).jpg,square,train
data\raw\square\square (214).jpg,square,train
data\raw\square\square (276).jpg,square,train
data\raw\square\square (293).jpg,square,train
data\raw\square\square (751).jpg,square,train
data\raw\square\square (8).jpg,square,train
data\raw\square\square (511).jpg,square,train
data\raw\square\square (959).jpg,square,train
data\raw\square\square (233).jpg,square,train
data\raw\square\square (575).jpg,square,train
data\raw\square\square (829).jpg,square,train
data\raw\square\square (862).jpg,square,train
data\raw\square\square (875).jpg,square,train
data\raw\square\square (170).jpg,square,train
data\raw\square\square (928).jpg,square,train
data\raw\square\square (537).jpg,square,train
data\raw\square\square (315).jpg,square,train
data\raw\square\square (536).jpg,square,train
data\raw\square\square (958).jpg,square,train
data\raw\square\square (484).jpg,square,train
data\raw\square\square (580).jpg,square,train
data\raw\square\square (717).jpg,square,train
data\raw\square\square (852).jpg,square,train
data\raw\square\square (307).jpg,square,train
data\raw\square\square (846).jpg,square,train
data\raw\square\square (598).jpg,square,train
data\raw\square\square (914).jpg,square,train
data\raw\square\square (177).jpg,square,train
data\raw\square\square (633).jpg,square,train
data\raw\square\square (237).jpg,square,train
data\raw\square\square (91).jpg,square,train
data\raw\square\square (346).jpg,square,train
data\raw\square\square (306).jpg,square,train
data\raw\square\square (612).jpg,square,train
data\raw\square\square (527).jpg,square,train
data\raw\square\square (503).jpg,square,train
data\raw\square\square (340).jpg,square,train
data\raw\square\square (139).jpg,square,train
data\raw\square\square (909).jpg,square,train
data\raw\square\square (867).jpg,square,train
data\raw\square\square (439).jpg,square,train
data\raw\square\square (45).jpg,square,train
data\raw\square\square (44).jpg,square,train
data\raw\square\square (269).jpg,square,train
data\raw\square\square (455).jpg,square,train
data\raw\square\square (845).jpg,square,train
data\raw\square\square (935).jpg,square,train
data\raw\square\square (650).jpg,square,train
data\raw\square\square (549).jpg,square,train
data\raw\square\square (532).jpg,square,train
data\raw\square\square (465).jpg,square,train
data\raw\square\square (953).jpg,square,train
data\raw\square\square (204).jpg,square,train
data\raw\square\square (534).jpg,square,train
data\raw\square\square (173).jpg,square,train
data\raw\square\square (986).jpg,square,train
data\raw\square\square (672).jpg,square,train
data\raw\square\square (289).jpg,square,train
data\raw\square\square (824).jpg,square,train
data\raw\square\square (188).jpg,square,train
data\raw\square\square (847).jpg,square,train
data\raw\square\square (834).jpg,square,train
data\raw\square\square (679).jpg,square,train
data\raw\square\square (851).jpg,square,train
data\raw\square\square (492).jpg,square,train
data\raw\square\square (1000).jpg,square,train
data\raw\square\square (430).jpg,square,train
data\raw\square\square (148).jpg,square,train
data\raw\square\square (24).jpg,square,train
data\raw\square\square (78).jpg,square,train
data\raw\square\square (604).jpg,square,train
data\raw\square\square (625).jpg,square,train
data\raw\square\square (980).jpg,square,train
data\raw\square\square (93).jpg,square,train
data\raw\square\square (187).jpg,square,train
data\raw\square\square (734).jpg,square,train
data\raw\square\square (372).jpg,square,train
data\raw\square\square (358).jpg,square,train
data\raw\square\square (702).jpg,square,train
data\raw\square\square (597).jpg,square,train
data\raw\square\square (609).jpg,square,train
data\raw\square\square (476).jpg,square,train
data\raw\square\square (273).jpg,square,train
data\raw\square\square (288).jpg,square,train
data\raw\square\square (713).jpg,square,train
data\raw\square\square (997).jpg,square,train
data\raw\square\square (147).jpg,square,train
data\raw\square\square (242).jpg,square,train
data\raw\square\square (499).jpg,square,train
data\raw\square\square (658).jpg,square,train
data\raw\square\square (963).jpg,square,train
data\raw\square\square (496).jpg,square,train
data\raw\square\square (924).jpg,square,train
data\raw\square\square (543).jpg,square,train
data\raw\square\square (737).jpg,square,train
data\raw\square\square (646).jpg,square,train
data\raw\square\square (41).jpg,square,train
data\raw\square\square (184).jpg,square,train
data\raw\square\square (602).jpg,square,train
data\raw\square\square (895).jpg,square,train
data\raw\square\square (246).jpg,square,train
data\raw\square\square (687).jpg,square,train
data\raw\square\square (255).jpg,square,train
data\raw\square\square (413).jpg,square,train
data\raw\square\square (680).jpg,square,train
data\raw\square\square (195).jpg,square,train
data\raw\square\square (985).jpg,square,train
data\raw\square\square (823).jpg,square,train
data\raw\square\square (773).jpg,square,train
data\raw\square\square (73).jpg,square,train
data\raw\square\square (129).jpg,square,train
data\raw\square\square (166).jpg,square,train
data\raw\square\square (954).jpg,square,train
data\raw\square\square (248).jpg,square,train
data\raw\square\square (305).jpg,square,train
data\raw\square\square (630).jpg,square,train
data\raw\square\square (853).jpg,square,train
data\raw\square\square (749).jpg,square,train
data\raw\square\square (444).jpg,square,train
data\raw\square\square (601).jpg,square,train
data\raw\square\square (421).jpg,square,train
data\raw\square\square (731).jpg,square,train
data\raw\square\square (783).jpg,square,train
data\raw\square\square (48).jpg,square,train
data\raw\square\square (251).jpg,square,train
data\raw\square\square (896).jpg,square,train
data\raw\square\square (501).jpg,square,train
data\raw\square\square (454).jpg,square,train
data\raw\square\square (142).jpg,square,train
data\raw\square\square (727).jpg,square,train
data\raw\square\square (198).jpg,square,train
data\raw\square\square (334).jpg,square,train
data\raw\square\square (420).jpg,square,train
data\raw\square\square (160).jpg,square,train
data\raw\square\square (843).jpg,square,train
data\raw\square\square (291).jpg,square,train
data\raw\square\square (951).jpg,square,train
data\raw\square\square (108).jpg,square,train
data\raw\square\square (51).jpg,square,train
data\raw\square\square (407).jpg,square,train
data\raw\square\square (718).jpg,square,train
data\raw\square\square (18).jpg,square,train
data\raw\square\square (685).jpg,square,train
data\raw\square\square (252).jpg,square,train
data\raw\square\square (393).jpg,square,train
data\raw\square\square (418).jpg,square,train
data\raw\square\square (317).jpg,square,train
data\raw\square\square (17).jpg,square,train
data\raw\square\square (77).jpg,square,train
data\raw\square\square (228).jpg,square,train
data\raw\square\square (874).jpg,square,train
data\raw\square\square (194).jpg,square,train
data\raw\square\square (913).jpg,square,train
data\raw\square\square (742).jpg,square,train
data\raw\square\square (301).jpg,square,train
data\raw\square\square (662).jpg,square,train
data\raw\square\square (796).jpg,square,train
data\raw\square\square (775).jpg,square,train
data\raw\square\square (266).jpg,square,train
data\raw\square\square (128).jpg,square,train
data\raw\square\square (788).jpg,square,train
data\raw\square\square (459).jpg,square,train
data\raw\square\square (626).jpg,square,train
data\raw\square\square (10).jpg,square,train
data\raw\square\square (764).jpg,square,train
data\raw\square\square (215).jpg,square,val
data\raw\square\square (37).jpg,square,val
data\raw\square\square (381).jpg,square,val
data\raw\square\square (447).jpg,square,val
data\raw\square\square (780).jpg,square,val
data\raw\square\square (641).jpg,square,val
data\raw\square\square (711).jpg,square,val
data\raw\square\square (303).jpg,square,val
data\raw\square\square (427).jpg,square,val
data\raw\square\square (769).jpg,square,val
data\raw\square\square (616).jpg,square,val
data\raw\square\square (925).jpg,square,val
data\raw\square\square (390).jpg,square,val
data\raw\square\square (697).jpg,square,val
data\raw\square\square (547).jpg,square,val
data\raw\square\square (688).jpg,square,val
data\raw\square\square (500).jpg,square,val
data\raw\square\square (948).jpg,square,val
data\raw\square\square (97).jpg,square,val
data\raw\square\square (396).jpg,square,val
data\raw\square\square (377).jpg,square,val
data\raw\square\square (408).jpg,square,val
data\raw\square\square (191).jpg,square,val
data\raw\square\square (765).jpg,square,val
data\raw\square\square (931).jpg,square,val
data\raw\square\square (99).jpg,square,val
data\raw\square\square (759).jpg,square,val
data\raw\square\square (442).jpg,square,val
data\raw\square\square (165).jpg,square,val
data\raw\square\square (434).jpg,square,val
data\raw\square\square (885).jpg,square,val
data\raw\square\square (20).jpg,square,val
data\raw\square\square (786).jpg,square,val
data\raw\square\square (943).jpg,square,val
data\raw\square\square (898).jpg,square,val
data\raw\square\square (936).jpg,square,val
data\raw\square\square (894).jpg,square,val
data\raw\square\square (152).jpg,square,val
data\raw\square\square (397).jpg,square,val
data\raw\square\square (261).jpg,square,val
data\raw\square\square (76).jpg,square,val
data\raw\square\square (411).jpg,square,val
data\raw\square\square (906).jpg,square,val
data\raw\square\square (284).jpg,square,val
data\raw\square\square (861).jpg,square,val
data\raw\square\square (950).jpg,square,val
data\raw\square\square (1).jpg,square,val
data\raw\square\square (539).jpg,square,val
data\raw\square\square (584).jpg,square,val
data\raw\square\square (116).jpg,square,val
data\raw\square\square (803).jpg,square,val
data\raw\square\square (653).jpg,square,val
data\raw\square\square (812).jpg,square,val
data\raw\square\square (804).jpg,square,val
data\raw\square\square (949).jpg,square,val
data\raw\square\square (132).jpg,square,val
data\raw\square\square (550).jpg,square,val
data\raw\square\square (26).jpg,square,val
data\raw\square\square (383).jpg,square,val
data\raw\square\square (599).jpg,square,val
data\raw\square\square (552).jpg,square,val
data\raw\square\square (271).jpg,square,val
data\raw\square\square (617).jpg,square,val
data\raw\square\square (229).jpg,square,val
data\raw\square\square (618).jpg,square,val
data\raw\square\square (992).jpg,square,val
data\raw\square\square (422).jpg,square,val
data\raw\square\square (98).jpg,square,val
data\raw\square\square (747).jpg,square,val
data\raw\square\square (123).jpg,square,val
data\raw\square\square (643).jpg,square,val
data\raw\square\square (835).jpg,square,val
data\raw\square\square (741).jpg,square,val
data\raw\square\square (779).jpg,square,val
data\raw\square\square (976).jpg,square,val
data\raw\square\square (993).jpg,square,val
data\raw\square\square (987).jpg,square,val
data\raw\square\square (260).jpg,square,val
data\raw\square\square (258).jpg,square,val
data\raw\square\square (425).jpg,square,val
data\raw\square\square (827).jpg,square,val
data\raw\square\square (629).jpg,square,train
data\raw\square\square (821).jpg,square,val
data\raw\square\square (802).jpg,square,val
data\raw\square\square (15).jpg,square,val
data\raw\square\square (778).jpg,square,val
data\raw\square\square (590).jpg,square,val
data\raw\square\square (343).jpg,square,val
data\raw\square\square (32).jpg,square,val
data\raw\square\square (703).jpg,square,val
data\raw\square\square (326).jpg,square,val
data\raw\square\square (190).jpg,square,val
data\raw\square\square (245).jpg,square,val
data\raw\square\square (312).jpg,square,val
data\raw\square\square (967).jpg,square,val
data\raw\square\square (805).jpg,square,val
data\raw\square\square (957).jpg,square,val
data\raw\square\square (587).jpg,square,val
data\raw\square\square (533).jpg,square,val
data\raw\square\square (151).jpg,square,val
data\raw\square\square (357).jpg,square,val
data\raw\square\square (816).jpg,square,val
data\raw\square\square (873).jpg,square,val
data\raw\square\square (30).jpg,square,val
data\raw\square\square (649).jpg,square,val
data\raw\square\square (392).jpg,square,val
data\raw\square\square (121).jpg,square,val
data\raw\square\square (264).jpg,square,val
data\raw\square\square (347).jpg,square,val
data\raw\square\square (456).jpg,square,val
data\raw\square\square (395).jpg,square,val
data\raw\square\square (561).jpg,square,val
data\raw\square\square (62).jpg,square,val
data\raw\square\square (415).jpg,square,val
data\raw\square\square (545).jpg,square,val
data\raw\square\square (981).jpg,square,val
data\raw\square\square (60).jpg,square,val
data\raw\square\square (540).jpg,square,val
data\raw\square\square (429).jpg,square,val
data\raw\square\square (756).jpg,square,val
data\raw\square\square (819).jpg,square,val
data\raw\square\square (872).jpg,square,val
data\raw\square\square (115).jpg,square,val
data\raw\square\square (830).jpg,square,val
data\raw\square\square (6).jpg,square,val
data\raw\square\square (838).jpg,square,val
data\raw\square\square (900).jpg,square,val
data\raw\square\square (918).jpg,square,val
data\raw\square\square (583).jpg,square,val
data\raw\square\square (833).jpg,square,val
data\raw\square\square (691).jpg,square,val
data\raw\square\square (282).jpg,square,val
data\raw\square\square (485).jpg,square,val
data\raw\square\square (224).jpg,square,val
data\raw\square\square (451).jpg,square,val
data\raw\square\square (979).jpg,square,val
data\raw\square\square (179).jpg,square,val
data\raw\square\square (154).jpg,square,val
data\raw\square\square (54).jpg,square,val
data\raw\square\square (919).jpg,square,val
data\raw\square\square (478).jpg,square,val
data\raw\square\square (558).jpg,square,val
data\raw\square\square (370).jpg,square,val
data\raw\square\square (695).jpg,square,val
data\raw\square\square (324).jpg,square,val
data\raw\square\square (667).jpg,square,val
data\raw\square\square (67).jpg,square,val
data\raw\square\square (664).jpg,square,val
data\raw\square\square (13).jpg,square,val
data\raw\square\square (235).jpg,square,val
data\raw\square\square (509).jpg,square,test
data\raw\square\square (356).jpg,square,test
data\raw\square\square (351).jpg,square,train
data\raw\square\square (270).jpg,square,test
data\raw\square\square (296).jpg,square,test
data\raw\square\square (424).jpg,square,test
data\raw\square\square (257).jpg,square,test
data\raw\square\square (491).jpg,square,test
data\raw\square\square (728).jpg,square,test
data\raw\square\square (450).jpg,square,test
data\raw\square\square (125).jpg,square,test
data\raw\square\square (556).jpg,square,test
data\raw\square\square (462).jpg,square,test
data\raw\square\square (766).jpg,square,test
data\raw\square\square (856).jpg,square,test
data\raw\square\square (498).jpg,square,test
data\raw\square\square (627).jpg,square,test
data\raw\square\square (253).jpg,square,test
data\raw\square\square (144).jpg,square,test
data\raw\square\square (523).jpg,square,test
data\raw\square\square (137).jpg,square,test
data\raw\square\square (210).jpg,square,test
data\raw\square\square (403).jpg,square,test
data\raw\square\square (89).jpg,square,test
data\raw\square\square (863).jpg,square,test
data\raw\square\square (88).jpg,square,test
data\raw\square\square (183).jpg,square,test
data\raw\square\square (216).jpg,square,test
data\raw\square\square (844).jpg,square,test
data\raw\square\square (507).jpg,square,test
data\raw\square\square (694).jpg,square,test
data\raw\square\square (905).jpg,square,test
data\raw\square\square (158).jpg,square,test
data\raw\square\square (118).jpg,square,test
data\raw\square\square (972).jpg,square,test
data\raw\square\square (848).jpg,square,test
data\raw\square\square (337).jpg,square,test
data\raw\square\square (639).jpg,square,test
data\raw\square\square (635).jpg,square,test
data\raw\square\square (176).jpg,square,test
data\raw\square\square (693).jpg,square,test
data\raw\square\square (68).jpg,square,test
data\raw\square\square (946).jpg,square,test
data\raw\square\square (441).jpg,square,test
data\raw\square\square (468).jpg,square,test
data\raw\square\square (858).jpg,square,test
data\raw\square\square (280).jpg,square,test
data\raw\square\square (989).jpg,square,test
data\raw\square\square (302).jpg,square,test
data\raw\square\square (818).jpg,square,test
data\raw\square\square (864).jpg,square,test
data\raw\square\square (991).jpg,square,test
data\raw\square\square (109).jpg,square,test
data\raw\square\square (21).jpg,square,test
data\raw\square\square (227).jpg,square,test
data\raw\square\square (83).jpg,square,test
data\raw\square\square (84).jpg,square,test
data\raw\square\square (192).jpg,square,test
data\raw\square\square (524).jpg,square,test
data\raw\square\square (185).jpg,square,test
data\raw\square\square (328).jpg,square,test
data\raw\square\square (605).jpg,square,test
data\raw\square\square (789).jpg,square,test
data\raw\square\square (610).jpg,square,test
data\raw\square\square (975).jpg,square,test
data\raw\square\square (887).jpg,square,test
data\raw\square\square (471).jpg,square,test
data\raw\square\square (126).jpg,square,test
data\raw\square\square (259).jpg,square,test
data\raw\square\square (996).jpg,square,test
data\raw\square\square (338).jpg,square,test
data\raw\square\square (374).jpg,square,test
data\raw\square\square (722).jpg,square,test
data\raw\square\square (143).jpg,square,test
data\raw\square\square (571).jpg,square,test
data\raw\square\square (463).jpg,square,test
data\raw\square\square (426).jpg,square,test
data\raw\square\square (327).jpg,square,test
data\raw\square\square (754).jpg,square,test
data\raw\square\square (182).jpg,square,test
data\raw\square\square (234).jpg,square,test
data\raw\square\square (40).jpg,square,test
data\raw\square\square (889).jpg,square,test
data\raw\square\square (869).jpg,square,test
data\raw\square\square (297).jpg,square,test
data\raw\square\square (135).jpg,square,test
data\raw\square\square (654).jpg,square,test
data\raw\square\square (740).jpg,square,test
data\raw\square\square (748).jpg,square,test
data\raw\square\square (860).jpg,square,test
data\raw\square\square (379).jpg,square,test
data\raw\square\square (730).jpg,square,test
data\raw\square\square (842).jpg,square,test
data\raw\square\square (243).jpg,square,test
data\raw\square\square (181).jpg,square,test
data\raw\square\square (208).jpg,square,test
data\raw\square\square (884).jpg,square,test
data\raw\square\square (342).jpg,square,test
data\raw\square\square (525).jpg,square,test
data\raw\square\square (382).jpg,square,test
data\raw\square\square (514).jpg,square,test
data\raw\square\square (29).jpg,square,test
data\raw\square\square (968).jpg,square,test
data\raw\square\square (428).jpg,square,test
data\raw\square\square (592).jpg,square,test
data\raw\square\square (209).jpg,square,test
data\raw\square\square (473).jpg,square,test
data\raw\square\square (388).jpg,square,test
data\raw\square\square (528).jpg,square,test
data\raw\square\square (512).jpg,square,test
data\raw\square\square (25).jpg,square,test
data\raw\square\square (196).jpg,square,test
data\raw\square\square (241).jpg,square,test
data\raw\square\square (199).jpg,square,test
data\raw\square\square (637).jpg,square,test
data\raw\square\square (808).jpg,square,test
data\raw\square\square (817).jpg,square,test
data\raw\square\square (223).jpg,square,test
data\raw\square\square (285).jpg,square,test
data\raw\square\square (969).jpg,square,test
data\raw\square\square (994).jpg,square,test
data\raw\square\square (313).jpg,square,test
data\raw\square\square (349).jpg,square,test
data\raw\square\square (515).jpg,square,test
data\raw\square\square (391).jpg,square,test
data\raw\square\square (4).jpg,square,test
data\raw\square\square (777).jpg,square,test
data\raw\square\square (865).jpg,square,test
data\raw\square\square (744).jpg,square,test
data\raw\square\square (460).jpg,square,test
data\raw\square\square (837).jpg,square,test
data\raw\square\square (952).jpg,square,train
data\raw\square\square (389).jpg,square,test
data\raw\square\square (883).jpg,square,test
data\raw\square\square (339).jpg,square,test
data\raw\square\square (367).jpg,square,test
data\raw\square\square (316).jpg,square,test
data\raw\square\square (218).jpg,square,test
data\raw\square\square (988).jpg,square,test
data\raw\square\square (709).jpg,square,test
data\raw\square\square (5).jpg,square,test
data\raw\square\square (155).jpg,square,test
data\raw\square\square (621).jpg,square,test
data\raw\square\square (644).jpg,square,test
data\raw\square\square (167).jpg,square,test
data\raw\square\square (461).jpg,square,test
data\raw\square\square (854).jpg,square,test
data\raw\square\square (686).jpg,square,test
data\raw\square\square (220).jpg,square,test
data\raw\square\square (564).jpg,square,test
